coordinateID,longitude,latitude
c1,-99.2062207957,19.1983396763
c2,-99.1158642087,19.5040652077
c3,-99.1611346584,19.3806424162
c4,-99.1919955,19.357102
c5,-99.0931057959,19.4304954545
c6,-99.1490557562,19.4313734294
c7,-99.1611346584,19.3806424162
c8,-99.0931057959,19.4304954545
c9,-99.0903636045,19.2451450458
c10,-99.2062207957,19.1983396763
c11,-99.2684129061,19.2689765031
c12,-99.246819712,19.336175562
c13,-99.0567989642,19.3491663204
c14,-99.0903636045,19.2451450458
c15,-99.246819712,19.336175562
c16,-99.0931057959,19.4304954545
c17,-99.1821069423,19.4853286147
c18,-99.0567989642,19.3491663204
c19,-99.246819712,19.336175562
c20,-99.1821069423,19.4853286147
c21,-99.1158642087,19.5040652077
c22,-99.1611346584,19.3806424162
c23,-99.2062207957,19.1983396763
c24,-99.1843501,19.3998346
c25,-99.1843501,19.3998346
c26,-99.2045669144,19.4280623649
c27,-99.2062207957,19.1983396763
c28,-99.2062207957,19.1983396763
c29,-99.180678,19.444937
c30,-99.3107285253,19.3246343001
c31,-99.1503763525,19.3266672536
c32,-99.2062207957,19.1983396763
c33,-99.0903636045,19.2451450458
c34,-99.1821069423,19.4853286147
c35,-99.364536,19.232313
c36,-99.2045669144,19.4280623649
c37,-99.2062207957,19.1983396763
c38,-99.140238,19.2846922
c39,-99.2045669144,19.4280623649
c40,-99.0567989642,19.3491663204
c41,-99.0567989642,19.3491663204
c42,-99.1490557562,19.4313734294
c43,-99.1490557562,19.4313734294
c44,-99.0567989642,19.3491663204
c45,-99.246819712,19.336175562
c46,-99.0567989642,19.3491663204
c47,-99.0567989642,19.3491663204
c48,-99.137171,19.375769
c49,-99.2062207957,19.1983396763
c50,-99.2045669144,19.4280623649
c51,-99.186597,19.350361
c52,-99.2062207957,19.1983396763
c53,-99.0567989642,19.3491663204
c54,-99.2062207957,19.1983396763
c55,-99.1821069423,19.4853286147
c56,-99.1490557562,19.4313734294
c57,-99.0567989642,19.3491663204
c58,-99.1821069423,19.4853286147
c59,-99.246819712,19.336175562
c60,-99.259495,19.3863707
c61,-99.1611346584,19.3806424162
c62,-99.0903636045,19.2451450458
c63,-99.1919955,19.357102
c64,-99.1821069423,19.4853286147
c65,-99.1765034,19.420946
c66,-99.0567989642,19.3491663204
c67,-99.1490557562,19.4313734294
c68,-99.0903636045,19.2451450458
c69,-99.0567989642,19.3491663204
c70,-99.1821069423,19.4853286147
c71,-99.2062207957,19.1983396763
c72,-99.0028216137,19.2769983772
c73,-99.1821069423,19.4853286147
c74,-99.0903636045,19.2451450458
c75,-99.1843501,19.3998346
c76,-99.0903636045,19.2451450458
c77,-99.2062207957,19.1983396763
c78,-99.2062207957,19.1983396763
c79,-99.1158642087,19.5040652077
c80,-99.1821069423,19.4853286147
c81,-99.0028216137,19.2769983772
c82,-99.1611346584,19.3806424162
c83,-99.1158642087,19.5040652077
c84,-99.259495,19.3863707
c85,-99.0903636045,19.2451450458
c86,-99.0903636045,19.2451450458
c87,-99.0903636045,19.2451450458
c88,-99.0903636045,19.2451450458
c89,-99.1503763525,19.3266672536
c90,-99.0903636045,19.2451450458
c91,-99.0903636045,19.2451450458
c92,-103.664175,20.5834183
c93,-99.259495,19.3863707
c94,-99.2058092,19.2970107
c95,-99.1919955,19.357102
c96,-99.1490557562,19.4313734294
c97,-99.0903636045,19.2451450458
c98,-99.1821069423,19.4853286147
c99,-99.246819712,19.336175562
c100,-99.180678,19.444937
c101,-99.1843501,19.3998346
c102,-99.1490557562,19.4313734294
c103,-99.0567989642,19.3491663204
c104,-99.1821069423,19.4853286147
c105,-99.1821069423,19.4853286147
c106,-99.1611346584,19.3806424162
c107,-99.1821069423,19.4853286147
c108,-99.1611346584,19.3806424162
c109,-99.1919955,19.357102
c110,-99.2062207957,19.1983396763
c111,-99.0903636045,19.2451450458
c112,-99.0028216137,19.2769983772
c113,-99.0903636045,19.2451450458
c114,-99.22640906287084,19.431496572424045
c115,-99.2062207957,19.1983396763
c116,-99.0903636045,19.2451450458
c117,-99.0567989642,19.3491663204
c118,-99.1821069423,19.4853286147
c119,-99.1821069423,19.4853286147
c120,-99.1821069423,19.4853286147
c121,-99.1821069423,19.4853286147
c122,-99.0567989642,19.3491663204
c123,-99.1821069423,19.4853286147
c124,-99.140238,19.2846922
c125,-99.3107285253,19.3246343001
c126,-99.1821069423,19.4853286147
c127,-99.0903636045,19.2451450458
c128,-99.1821069423,19.4853286147
c129,-99.0567989642,19.3491663204
c130,-99.1821069423,19.4853286147
c131,-99.1821069423,19.4853286147
c132,-99.1843501,19.3998346
c133,-99.1821069423,19.4853286147
c134,-99.1429637,19.3077445
c135,-99.1821069423,19.4853286147
c136,-99.1158642087,19.5040652077
c137,-99.0567989642,19.3491663204
c138,-99.1821069423,19.4853286147
c139,-99.0567989642,19.3491663204
c140,-99.1821069423,19.4853286147
c141,-99.0028216137,19.2769983772
c142,-99.16878171588095,19.436181641664845
c143,-99.1821069423,19.4853286147
c144,-99.0028216137,19.2769983772
c145,-99.1490557562,19.4313734294
c146,-99.2062207957,19.1983396763
c147,-99.1821069423,19.4853286147
c148,-99.1821069423,19.4853286147
c149,-99.1503763525,19.3266672536
c150,-99.0567989642,19.3491663204
c151,-99.2062207957,19.1983396763
c152,-99.0567989642,19.3491663204
c153,-99.2045669144,19.4280623649
c154,-99.1821069423,19.4853286147
c155,-99.1843501,19.3998346
c156,-99.259495,19.3863707
c157,-99.1843501,19.3998346
c158,-99.1821069423,19.4853286147
c159,-99.0903636045,19.2451450458
c160,-99.1821069423,19.4853286147
c161,-99.1821069423,19.4853286147
c162,-99.1158642087,19.5040652077
c163,-99.0567989642,19.3491663204
c164,-99.0567989642,19.3491663204
c165,-99.0567989642,19.3491663204
c166,-99.2684129061,19.2689765031
c167,-99.0567989642,19.3491663204
c168,-99.1821069423,19.4853286147
c169,-99.1821069423,19.4853286147
c170,-99.0931057959,19.4304954545
c171,-99.0028216137,19.2769983772
c172,-99.1843501,19.3998346
c173,-99.0567989642,19.3491663204
c174,-99.0903636045,19.2451450458
c175,-99.1843501,19.3998346
c176,-99.1843501,19.3998346
c177,-99.1393354,19.5184253
c178,-99.128294,19.4043522
c179,-99.094329797,19.396911897
c180,-99.0903636045,19.2451450458
c181,-99.0567989642,19.3491663204
c182,-99.0903636045,19.2451450458
c183,-99.1821069423,19.4853286147
c184,-99.1821069423,19.4853286147
c185,-99.1919955,19.357102
c186,-99.1158642087,19.5040652077
c187,-99.246819712,19.336175562
c188,-99.2062207957,19.1983396763
c189,-99.2062207957,19.1983396763
c190,-99.2062207957,19.1983396763
c191,-99.0903636045,19.2451450458
c192,-99.1821069423,19.4853286147
c193,-99.1821069423,19.4853286147
c194,-99.0931057959,19.4304954545
c195,-99.2062207957,19.1983396763
c196,-99.2062207957,19.1983396763
c197,-99.1821069423,19.4853286147
c198,-99.2062207957,19.1983396763
c199,-99.0903636045,19.2451450458
c200,-99.0903636045,19.2451450458
c201,-99.0567989642,19.3491663204
c202,-99.1821069423,19.4853286147
c203,-99.28025399767463,19.36094873147471
c204,-99.2045669144,19.4280623649
c205,-99.0028216137,19.2769983772
c206,-99.1821069423,19.4853286147
c207,-99.0567989642,19.3491663204
c208,-99.0567989642,19.3491663204
c209,-99.1821069423,19.4853286147
c210,-99.1503763525,19.3266672536
c211,-99.2045669144,19.4280623649
c212,-99.1821069423,19.4853286147
c213,-99.2062207957,19.1983396763
c214,-99.0931057959,19.4304954545
c215,-99.1611346584,19.3806424162
c216,-99.2045669144,19.4280623649
c217,-99.0903636045,19.2451450458
c218,-99.2684129061,19.2689765031
c219,-99.2045669144,19.4280623649
c220,-99.0567989642,19.3491663204
c221,-99.1490557562,19.4313734294
c222,-99.1821069423,19.4853286147
c223,-99.1158642087,19.5040652077
c224,-99.2062207957,19.1983396763
c225,-99.2062207957,19.1983396763
c226,-99.1158642087,19.5040652077
c227,-99.0903636045,19.2451450458
c228,-99.1821069423,19.4853286147
c229,-99.1503763525,19.3266672536
c230,-99.1843501,19.3998346
c231,-99.1821069423,19.4853286147
c232,-99.1490557562,19.4313734294
c233,-99.1821069423,19.4853286147
c234,-99.0567989642,19.3491663204
c235,-99.1490557562,19.4313734294
c236,-99.18134755,19.4201625
c237,-99.0903636045,19.2451450458
c238,-99.246819712,19.336175562
c239,-99.1490557562,19.4313734294
c240,-99.3107285253,19.3246343001
c241,-99.0567989642,19.3491663204
c242,-99.1843501,19.3998346
c243,-99.2062207957,19.1983396763
c244,-99.0567989642,19.3491663204
c245,-99.0931057959,19.4304954545
c246,-99.1821069423,19.4853286147
c247,-99.1821069423,19.4853286147
c248,-99.0931057959,19.4304954545
c249,-99.1490557562,19.4313734294
c250,-99.1821069423,19.4853286147
c251,-99.0567989642,19.3491663204
c252,-99.3107285253,19.3246343001
c253,-99.3107285253,19.3246343001
c254,-99.1611346584,19.3806424162
c255,-99.259495,19.3863707
c256,-99.128294,19.4043522
c257,-99.2062207957,19.1983396763
c258,-99.3107285253,19.3246343001
c259,-99.3107285253,19.3246343001
c260,-99.1843501,19.3998346
c261,-99.2684129061,19.2689765031
c262,-99.18789996,19.40063227
c263,-99.1919955,19.357102
c264,-99.2062207957,19.1983396763
c265,-99.2062207957,19.1983396763
c266,-99.1158642087,19.5040652077
c267,-99.0903636045,19.2451450458
c268,-99.2062207957,19.1983396763
c269,-99.0903636045,19.2451450458
c270,-99.259495,19.3863707
c271,-99.0567989642,19.3491663204
c272,-99.0903636045,19.2451450458
c273,-99.140238,19.2846922
c274,-99.1611346584,19.3806424162
c275,-99.0903636045,19.2451450458
c276,-99.246819712,19.336175562
c277,-99.0567989642,19.3491663204
c278,-99.0903636045,19.2451450458
c279,-99.0903636045,19.2451450458
c280,-99.094329797,19.396911897
c281,-99.1503763525,19.3266672536
c282,-99.0903636045,19.2451450458
c283,-99.1490557562,19.4313734294
c284,-99.1919955,19.357102
c285,-99.140238,19.2846922
c286,-99.1821069423,19.4853286147
c287,-99.1821069423,19.4853286147
c288,-99.0567989642,19.3491663204
c289,-99.1490557562,19.4313734294
c290,-99.094329797,19.396911897
c291,-99.0567989642,19.3491663204
c292,-99.2684129061,19.2689765031
c293,-99.0903636045,19.2451450458
c294,-99.2062207957,19.1983396763
c295,-99.1821069423,19.4853286147
c296,-99.259495,19.3863707
c297,-99.259495,19.3863707
c298,-99.259495,19.3863707
c299,-99.1843501,19.3998346
c300,-99.1503763525,19.3266672536
c301,-99.0567989642,19.3491663204
c302,-99.1821069423,19.4853286147
c303,-99.0567989642,19.3491663204
c304,-99.0567989642,19.3491663204
c305,-99.0903636045,19.2451450458
c306,-99.1919955,19.357102
c307,-99.3107285253,19.3246343001
c308,-99.3107285253,19.3246343001
c309,-99.0567989642,19.3491663204
c310,-99.18171767,19.36447815
c311,-99.1611346584,19.3806424162
c312,-99.0903636045,19.2451450458
c313,-99.246819712,19.336175562
c314,-99.0903636045,19.2451450458
c315,-99.1490557562,19.4313734294
c316,-99.0567989642,19.3491663204
c317,-99.2058092,19.2970107
c318,-99.1611346584,19.3806424162
c319,-99.259495,19.3863707
c320,-99.0567989642,19.3491663204
c321,-99.1843501,19.3998346
c322,-99.1503763525,19.3266672536
c323,-99.0567989642,19.3491663204
c324,-99.2062207957,19.1983396763
c325,-99.0903636045,19.2451450458
c326,-99.1821069423,19.4853286147
c327,-99.0567989642,19.3491663204
c328,-99.2045669144,19.4280623649
c329,-99.137171,19.375769
c330,-99.2062207957,19.1983396763
c331,-99.2062207957,19.1983396763
c332,-99.2058092,19.2970107
c333,-99.0567989642,19.3491663204
c334,-99.1843501,19.3998346
c335,-99.1821069423,19.4853286147
c336,-99.1490557562,19.4313734294
c337,-99.1158642087,19.5040652077
c338,-99.1611346584,19.3806424162
c339,-99.180678,19.444937
c340,-99.1919955,19.357102
c341,-99.2062207957,19.1983396763
c342,-99.0567989642,19.3491663204
c343,-99.1821069423,19.4853286147
c344,-99.1158642087,19.5040652077
c345,-99.0028216137,19.2769983772
c346,-99.094329797,19.396911897
c347,-99.094329797,19.396911897
c348,-99.128294,19.4043522
c349,-99.1503763525,19.3266672536
c350,-99.1503763525,19.3266672536
c351,-99.1503763525,19.3266672536
c352,-99.1490557562,19.4313734294
c353,-99.1821069423,19.4853286147
c354,-99.246819712,19.336175562
c355,-99.2062207957,19.1983396763
c356,-99.259495,19.3863707
c357,-99.246819712,19.336175562
c358,-99.118665,19.484399
c359,-99.0567989642,19.3491663204
c360,-99.0567989642,19.3491663204
c361,-99.3107285253,19.3246343001
c362,-99.0567989642,19.3491663204
c363,-99.0903636045,19.2451450458
c364,-99.1503763525,19.3266672536
c365,-99.1843501,19.3998346
c366,-99.1843501,19.3998346
c367,-99.3107285253,19.3246343001
c368,-99.1158642087,19.5040652077
c369,-99.1611346584,19.3806424162
c370,-99.1611346584,19.3806424162
c371,-99.1843501,19.3998346
c372,-99.259495,19.3863707
c373,-99.246819712,19.336175562
c374,-99.2684129061,19.2689765031
c375,-100.421037,25.4805381
c376,-99.0931057959,19.4304954545
c377,-99.1611346584,19.3806424162
c378,-99.0567989642,19.3491663204
c379,-99.1503763525,19.3266672536
c380,-99.140238,19.2846922
c381,-99.0903636045,19.2451450458
c382,-99.246819712,19.336175562
c383,-99.2062207957,19.1983396763
c384,-99.1490557562,19.4313734294
c385,-99.0931057959,19.4304954545
c386,-99.1944291156358,19.51029708954161
c387,-99.1919955,19.357102
c388,-99.2058092,19.2970107
c389,-99.1490557562,19.4313734294
c390,-99.259495,19.3863707
c391,-99.1503763525,19.3266672536
c392,-99.1821069423,19.4853286147
c393,-99.0567989642,19.3491663204
c394,-99.2062207957,19.1983396763
c395,-99.140238,19.2846922
c396,-99.0567989642,19.3491663204
c397,-99.1843501,19.3998346
c398,-99.1821069423,19.4853286147
c399,-99.0028216137,19.2769983772
c400,-99.1158642087,19.5040652077
c401,-99.3107285253,19.3246343001
c402,-99.1490557562,19.4313734294
c403,-99.1843501,19.3998346
c404,-99.0028216137,19.2769983772
c405,-99.0567989642,19.3491663204
c406,-99.0567989642,19.3491663204
c407,-99.1821069423,19.4853286147
c408,-99.2058092,19.2970107
c409,-99.2062207957,19.1983396763
c410,-99.1821069423,19.4853286147
c411,-99.0567989642,19.3491663204
c412,-99.2058092,19.2970107
c413,-99.1503763525,19.3266672536
c414,-99.1821069423,19.4853286147
c415,-99.140238,19.2846922
c416,-99.3107285253,19.3246343001
c417,-99.1503763525,19.3266672536
c418,-99.1843501,19.3998346
c419,-99.0028216137,19.2769983772
c420,-99.1821069423,19.4853286147
c421,-99.1217171,19.413772
c422,-99.1611346584,19.3806424162
c423,-99.2062207957,19.1983396763
c424,-99.1821069423,19.4853286147
c425,-99.2058092,19.2970107
c426,-99.1503763525,19.3266672536
c427,-99.1919955,19.357102
c428,-99.1503763525,19.3266672536
c429,-99.2684129061,19.2689765031
c430,-99.0567989642,19.3491663204
c431,-99.1843501,19.3998346
c432,-99.180678,19.444937
c433,-99.2062207957,19.1983396763
c434,-99.0903636045,19.2451450458
c435,-99.0567989642,19.3491663204
c436,-99.1843501,19.3998346
c437,-99.1843501,19.3998346
c438,-99.128294,19.4043522
c439,-99.0567989642,19.3491663204
c440,-99.2062207957,19.1983396763
c441,-99.2062207957,19.1983396763
c442,-99.0567989642,19.3491663204
c443,-99.1821069423,19.4853286147
c444,-99.0903636045,19.2451450458
c445,-99.0903636045,19.2451450458
c446,-99.1821069423,19.4853286147
c447,-99.1858145629977,19.391438568283952
c448,-99.246819712,19.336175562
c449,-99.17998438382864,19.43718449956239
c450,-99.1503763525,19.3266672536
c451,-99.1821069423,19.4853286147
c452,-99.2062207957,19.1983396763
c453,-99.246819712,19.336175562
c454,-99.1503763525,19.3266672536
c455,-99.0028216137,19.2769983772
c456,-99.140238,19.2846922
c457,-99.180678,19.444937
c458,-99.2062207957,19.1983396763
c459,-99.0028216137,19.2769983772
c460,-99.0903636045,19.2451450458
c461,-99.1843501,19.3998346
c462,-99.2058092,19.2970107
c463,-99.2058092,19.2970107
c464,-99.1843501,19.3998346
c465,-99.180678,19.444937
c466,-99.246819712,19.336175562
c467,-99.0567989642,19.3491663204
c468,-99.1490557562,19.4313734294
c469,-99.0567989642,19.3491663204
c470,-99.1821069423,19.4853286147
c471,-99.0567989642,19.3491663204
c472,-99.2062207957,19.1983396763
c473,-99.180678,19.444937
c474,-99.094329797,19.396911897
c475,-99.1503763525,19.3266672536
c476,-99.1503763525,19.3266672536
c477,-99.0567989642,19.3491663204
c478,-99.1490557562,19.4313734294
c479,-99.1821069423,19.4853286147
c480,-99.1821069423,19.4853286147
c481,-99.0567989642,19.3491663204
c482,-99.067766,19.3668621
c483,-99.1611346584,19.3806424162
c484,-99.1490557562,19.4313734294
c485,-99.3107285253,19.3246343001
c486,-99.137171,19.375769
c487,-99.0931057959,19.4304954545
c488,-99.1214253506809,19.380122210840145
c489,-99.1821069423,19.4853286147
c490,-99.1821069423,19.4853286147
c491,-99.0028216137,19.2769983772
c492,-99.2062207957,19.1983396763
c493,-99.1158642087,19.5040652077
c494,-99.1821069423,19.4853286147
c495,-99.1821069423,19.4853286147
c496,-99.1821069423,19.4853286147
c497,-99.1821069423,19.4853286147
c498,-99.1821069423,19.4853286147
c499,-99.259495,19.3863707
c500,-99.246819712,19.336175562
c501,-99.1503763525,19.3266672536
c502,-99.0567989642,19.3491663204
c503,-99.1821069423,19.4853286147
c504,-99.3045417873242,19.353341559371888
c505,-99.1611346584,19.3806424162
c506,-99.3107285253,19.3246343001
c507,-99.1821069423,19.4853286147
c508,-99.1490557562,19.4313734294
c509,-99.248506128788,19.3786796318581
c510,-99.1490557562,19.4313734294
c511,-99.2062207957,19.1983396763
c512,-99.0567989642,19.3491663204
c513,-99.1843501,19.3998346
c514,-99.1843501,19.3998346
c515,-99.2045669144,19.4280623649
c516,-99.0567989642,19.3491663204
c517,-99.0567989642,19.3491663204
c518,-99.1821069423,19.4853286147
c519,-99.2062207957,19.1983396763
c520,-99.1843501,19.3998346
c521,-99.1821069423,19.4853286147
c522,-99.246819712,19.336175562
c523,-99.0567989642,19.3491663204
c524,-99.1919955,19.357102
c525,-99.0903636045,19.2451450458
c526,-103.664175,20.5834183
c527,-99.0903636045,19.2451450458
c528,-99.1503763525,19.3266672536
c529,-99.0903636045,19.2451450458
c530,-99.246819712,19.336175562
c531,-99.1919955,19.357102
c532,-99.1158642087,19.5040652077
c533,-99.1490557562,19.4313734294
c534,-99.1843501,19.3998346
c535,-99.0567989642,19.3491663204
c536,-99.0567989642,19.3491663204
c537,-99.1843501,19.3998346
c538,-99.0028216137,19.2769983772
c539,-99.0028216137,19.2769983772
c540,-99.0903636045,19.2451450458
c541,-99.2062207957,19.1983396763
c542,-99.140238,19.2846922
c543,-99.1158642087,19.5040652077
c544,-99.1821069423,19.4853286147
c545,-99.2045669144,19.4280623649
c546,-99.1158642087,19.5040652077
c547,-99.137171,19.375769
c548,-99.1503763525,19.3266672536
c549,-99.094329797,19.396911897
c550,-99.0567989642,19.3491663204
c551,-99.3107285253,19.3246343001
c552,-99.1490557562,19.4313734294
c553,-99.259495,19.3863707
c554,-99.0567989642,19.3491663204
c555,-99.0567989642,19.3491663204
c556,-99.0567989642,19.3491663204
c557,-99.1821069423,19.4853286147
c558,-99.0903636045,19.2451450458
c559,-99.0903636045,19.2451450458
c560,-99.1919955,19.357102
c561,-99.1821069423,19.4853286147
c562,-99.0567989642,19.3491663204
c563,-99.0567989642,19.3491663204
c564,-99.2062207957,19.1983396763
c565,-99.2062207957,19.1983396763
c566,-99.0567989642,19.3491663204
c567,-99.17936422269749,19.381039035181043
c568,-99.1158642087,19.5040652077
c569,-99.1611346584,19.3806424162
c570,-99.1821069423,19.4853286147
c571,-99.1821069423,19.4853286147
c572,-99.1821069423,19.4853286147
c573,-99.0931057959,19.4304954545
c574,-99.2045669144,19.4280623649
c575,-99.2045669144,19.4280623649
c576,-99.1158642087,19.5040652077
c577,-99.3107285253,19.3246343001
c578,-99.3107285253,19.3246343001
c579,-99.1503763525,19.3266672536
c580,-99.1158642087,19.5040652077
c581,-99.1490557562,19.4313734294
c582,-99.1490557562,19.4313734294
c583,-99.1503763525,19.3266672536
c584,-99.2062207957,19.1983396763
c585,-99.2062207957,19.1983396763
c586,-99.1821069423,19.4853286147
c587,-99.0567989642,19.3491663204
c588,-99.094329797,19.396911897
c589,-99.3107285253,19.3246343001
c590,-99.1821069423,19.4853286147
c591,-99.140238,19.2846922
c592,-99.1821069423,19.4853286147
c593,-99.1600234,19.152878
c594,-99.3107285253,19.3246343001
c595,-99.1490557562,19.4313734294
c596,-99.1821069423,19.4853286147
c597,-99.1821069423,19.4853286147
c598,-99.1503763525,19.3266672536
c599,-99.0567989642,19.3491663204
c600,-99.0567989642,19.3491663204
c601,-99.1503763525,19.3266672536
c602,-99.18480350686816,19.295496106959007
c603,-99.1490557562,19.4313734294
c604,-99.1503763525,19.3266672536
c605,-99.1821069423,19.4853286147
c606,-99.1503763525,19.3266672536
c607,-99.2062207957,19.1983396763
c608,-99.1503763525,19.3266672536
c609,-99.2058092,19.2970107
c610,-99.2062207957,19.1983396763
c611,-99.1503763525,19.3266672536
c612,-99.13776733273572,19.43667472979826
c613,-99.0903636045,19.2451450458
c614,-99.1821069423,19.4853286147
c615,-99.1843501,19.3998346
c616,-99.1716377343619,19.38544985283352
c617,-99.1503763525,19.3266672536
c618,-99.2062207957,19.1983396763
c619,-99.1843501,19.3998346
c620,-99.1843501,19.3998346
c621,-99.1919955,19.357102
c622,-99.315748,19.087511
c623,-99.1611346584,19.3806424162
c624,-99.1490557562,19.4313734294
c625,-99.0903636045,19.2451450458
c626,-99.094329797,19.396911897
c627,-99.0903636045,19.2451450458
c628,-99.1611346584,19.3806424162
c629,-99.0903636045,19.2451450458
c630,-99.0903636045,19.2451450458
c631,-99.0903636045,19.2451450458
c632,-99.2062207957,19.1983396763
c633,-99.1919955,19.357102
c634,-99.0567989642,19.3491663204
c635,-99.1490557562,19.4313734294
c636,-99.1919955,19.357102
c637,-99.2062207957,19.1983396763
c638,-99.1611346584,19.3806424162
c639,-99.0903636045,19.2451450458
c640,-99.1821069423,19.4853286147
c641,-99.1821069423,19.4853286147
c642,-99.1821069423,19.4853286147
c643,-99.1919955,19.357102
c644,-99.1843501,19.3998346
c645,-99.1611346584,19.3806424162
c646,-99.259495,19.3863707
c647,-99.246819712,19.336175562
c648,-99.1490557562,19.4313734294
c649,-99.0567989642,19.3491663204
c650,-99.1490557562,19.4313734294
c651,-99.0567989642,19.3491663204
c652,-99.0567989642,19.3491663204
c653,-99.2062207957,19.1983396763
c654,-99.1158642087,19.5040652077
c655,-99.2062207957,19.1983396763
c656,-99.2062207957,19.1983396763
c657,-99.2062207957,19.1983396763
c658,-99.2062207957,19.1983396763
c659,-99.2062207957,19.1983396763
c660,-99.2062207957,19.1983396763
c661,-99.2062207957,19.1983396763
c662,-99.2062207957,19.1983396763
c663,-99.2062207957,19.1983396763
c664,-99.2062207957,19.1983396763
c665,-99.2062207957,19.1983396763
c666,-99.2062207957,19.1983396763
c667,-99.137171,19.375769
c668,-99.180678,19.444937
c669,-99.137171,19.375769
c670,-99.1503763525,19.3266672536
c671,-99.1503763525,19.3266672536
c672,-70.6150112,-33.4093879
c673,-99.0028216137,19.2769983772
c674,-99.246819712,19.336175562
c675,-99.2058092,19.2970107
c676,-99.0931057959,19.4304954545
c677,-99.0567989642,19.3491663204
c678,-99.1611346584,19.3806424162
c679,-99.1503763525,19.3266672536
c680,-99.1843501,19.3998346
c681,-99.1490557562,19.4313734294
c682,-99.1158642087,19.5040652077
c683,-99.1158642087,19.5040652077
c684,-99.246819712,19.336175562
c685,-99.128294,19.4043522
c686,-99.2062207957,19.1983396763
c687,-99.1821069423,19.4853286147
c688,-99.1821069423,19.4853286147
c689,-99.2062207957,19.1983396763
c690,-99.1919955,19.357102
c691,-99.259495,19.3863707
c692,-99.3107285253,19.3246343001
c693,-99.1611346584,19.3806424162
c694,-99.1821069423,19.4853286147
c695,-99.1821069423,19.4853286147
c696,-99.259495,19.3863707
c697,-99.1158642087,19.5040652077
c698,-99.0931057959,19.4304954545
c699,-99.1158642087,19.5040652077
c700,-99.137171,19.375769
c701,-99.1919955,19.357102
c702,-99.1490557562,19.4313734294
c703,-99.1158642087,19.5040652077
c704,-99.1503763525,19.3266672536
c705,-99.0567989642,19.3491663204
c706,-99.0567989642,19.3491663204
c707,-99.0567989642,19.3491663204
c708,-99.1490557562,19.4313734294
c709,-99.1821069423,19.4853286147
c710,-99.0567989642,19.3491663204
c711,-99.1490557562,19.4313734294
c712,-99.1611346584,19.3806424162
c713,-99.1821069423,19.4853286147
c714,-99.0567989642,19.3491663204
c715,-99.0567989642,19.3491663204
c716,-99.0028216137,19.2769983772
c717,-99.2045669144,19.4280623649
c718,-99.0567989642,19.3491663204
c719,-99.13757343969718,19.43369351076089
c720,-99.16114368748742,19.40132485054511
c721,-99.0567989642,19.3491663204
c722,-99.09417356,19.42374746
c723,-99.0567989642,19.3491663204
c724,-99.1919955,19.357102
c725,-99.1158642087,19.5040652077
c726,-99.1490557562,19.4313734294
c727,-99.0567989642,19.3491663204
c728,-99.2058092,19.2970107
c729,-99.246819712,19.336175562
c730,-99.2062207957,19.1983396763
c731,-99.0903636045,19.2451450458
c732,-99.0931057959,19.4304954545
c733,-99.1158642087,19.5040652077
c734,-99.1490557562,19.4313734294
c735,-99.259495,19.3863707
c736,-99.0567989642,19.3491663204
c737,-99.0903636045,19.2451450458
c738,-99.1611346584,19.3806424162
c739,-99.1843501,19.3998346
c740,-99.0567989642,19.3491663204
c741,-99.246819712,19.336175562
c742,-99.1843501,19.3998346
c743,-99.1503763525,19.3266672536
c744,-99.2045669144,19.4280623649
c745,-99.0567989642,19.3491663204
c746,-99.0567989642,19.3491663204
c747,-99.0567989642,19.3491663204
c748,-99.2062207957,19.1983396763
c749,-99.0931057959,19.4304954545
c750,-99.0931057959,19.4304954545
c751,-99.0567989642,19.3491663204
c752,-99.0567989642,19.3491663204
c753,-99.0567989642,19.3491663204
c754,-99.1843501,19.3998346
c755,-99.1821069423,19.4853286147
c756,-99.1158642087,19.5040652077
c757,-99.3107285253,19.3246343001
c758,-99.1158642087,19.5040652077
c759,-99.0567989642,19.3491663204
c760,-99.1503763525,19.3266672536
c761,-99.0567989642,19.3491663204
c762,-99.0567989642,19.3491663204
c763,-99.0567989642,19.3491663204
c764,-99.2062207957,19.1983396763
c765,-99.1919955,19.357102
c766,-99.1821069423,19.4853286147
c767,-99.2062207957,19.1983396763
c768,-99.1490557562,19.4313734294
c769,-99.0028216137,19.2769983772
c770,-99.1843501,19.3998346
c771,-99.1490557562,19.4313734294
c772,-99.1821069423,19.4853286147
c773,-99.2062207957,19.1983396763
c774,-99.1919955,19.357102
c775,-99.1490557562,19.4313734294
c776,-99.2045669144,19.4280623649
c777,-99.3107285253,19.3246343001
c778,-99.3107285253,19.3246343001
c779,-99.0903636045,19.2451450458
c780,-99.0903636045,19.2451450458
c781,-99.1821069423,19.4853286147
c782,-99.2062207957,19.1983396763
c783,-99.140238,19.2846922
c784,-99.0931057959,19.4304954545
c785,-99.1490557562,19.4313734294
c786,-99.246819712,19.336175562
c787,-99.0028216137,19.2769983772
c788,-99.1843501,19.3998346
c789,-99.1821069423,19.4853286147
c790,-99.0567989642,19.3491663204
c791,-99.2045669144,19.4280623649
c792,-99.1490557562,19.4313734294
c793,-99.1490557562,19.4313734294
c794,-99.1490557562,19.4313734294
c795,-99.1611346584,19.3806424162
c796,-99.2062207957,19.1983396763
c797,-99.1490557562,19.4313734294
c798,-99.2062207957,19.1983396763
c799,-99.1821069423,19.4853286147
c800,-99.0567989642,19.3491663204
c801,-99.1490557562,19.4313734294
c802,-99.1490557562,19.4313734294
c803,-99.2062207957,19.1983396763
c804,-99.1821069423,19.4853286147
c805,-99.0567989642,19.3491663204
c806,-99.1503763525,19.3266672536
c807,-99.0567989642,19.3491663204
c808,-99.0567989642,19.3491663204
c809,-99.1490557562,19.4313734294
c810,-99.0028216137,19.2769983772
c811,-99.3107285253,19.3246343001
c812,-99.0903636045,19.2451450458
c813,-99.1490557562,19.4313734294
c814,-99.1611346584,19.3806424162
c815,-99.2062207957,19.1983396763
c816,-99.0567989642,19.3491663204
c817,-99.246819712,19.336175562
c818,-99.0903636045,19.2451450458
c819,-99.1490557562,19.4313734294
c820,-99.05015978404516,19.335918
c821,-99.1821069423,19.4853286147
c822,-99.140238,19.2846922
c823,-99.1490557562,19.4313734294
c824,-99.1503763525,19.3266672536
c825,-99.0903636045,19.2451450458
c826,-99.1463349442062,19.49221644392143
c827,-99.140238,19.2846922
c828,-99.1611346584,19.3806424162
c829,-99.1490557562,19.4313734294
c830,-99.2062207957,19.1983396763
c831,-99.2062207957,19.1983396763
c832,-99.1611346584,19.3806424162
c833,-99.1919955,19.357102
c834,-99.2062207957,19.1983396763
c835,-99.2045669144,19.4280623649
c836,-99.1919955,19.357102
c837,-99.1919955,19.357102
c838,-99.1503763525,19.3266672536
c839,-99.094329797,19.396911897
c840,-99.0567989642,19.3491663204
c841,-99.0567989642,19.3491663204
c842,-99.1490557562,19.4313734294
c843,-99.1821069423,19.4853286147
c844,-99.0903636045,19.2451450458
c845,-99.1490557562,19.4313734294
c846,-99.0567989642,19.3491663204
c847,-99.0903636045,19.2451450458
c848,-99.2062207957,19.1983396763
c849,-99.246819712,19.336175562
c850,-99.2058092,19.2970107
c851,-87.322724,20.734206
c852,-99.0567989642,19.3491663204
c853,-99.0567989642,19.3491663204
c854,-99.0567989642,19.3491663204
c855,-99.0567989642,19.3491663204
c856,-99.0567989642,19.3491663204
c857,-99.0903636045,19.2451450458
c858,-99.0028216137,19.2769983772
c859,-99.180678,19.444937
c860,-99.0567989642,19.3491663204
c861,-99.2062207957,19.1983396763
c862,-99.246819712,19.336175562
c863,-99.0567989642,19.3491663204
c864,-99.1611346584,19.3806424162
c865,-99.1490557562,19.4313734294
c866,-99.1490557562,19.4313734294
c867,-99.180678,19.444937
c868,-99.1611346584,19.3806424162
c869,-99.1158642087,19.5040652077
c870,-99.2062207957,19.1983396763
c871,-99.0567989642,19.3491663204
c872,-99.246819712,19.336175562
c873,-99.246819712,19.336175562
c874,-99.128294,19.4043522
c875,-99.1843501,19.3998346
c876,-99.14917452799656,19.39728488210519
c877,-99.0903636045,19.2451450458
c878,-99.0028216137,19.2769983772
c879,-99.1843501,19.3998346
c880,-99.1843501,19.3998346
c881,-99.1843501,19.3998346
c882,-99.1843501,19.3998346
c883,-99.0931057959,19.4304954545
c884,-99.3107285253,19.3246343001
c885,-99.1611346584,19.3806424162
c886,-99.0567989642,19.3491663204
c887,-99.1611346584,19.3806424162
c888,-99.0567989642,19.3491663204
c889,-99.1490557562,19.4313734294
c890,-99.0931057959,19.4304954545
c891,-99.1158642087,19.5040652077
c892,-99.1843501,19.3998346
c893,-99.2062207957,19.1983396763
c894,-99.0931057959,19.4304954545
c895,-99.1821069423,19.4853286147
c896,-99.1646113869013,19.471454370579146
c897,-99.2062207957,19.1983396763
c898,-99.246819712,19.336175562
c899,-99.246819712,19.336175562
c900,-99.2062207957,19.1983396763
c901,-99.2062207957,19.1983396763
c902,-99.259495,19.3863707
c903,-99.1821069423,19.4853286147
c904,-99.2062207957,19.1983396763
c905,-99.12614613325825,19.51099552725019
c906,-99.246819712,19.336175562
c907,-99.1158642087,19.5040652077
c908,-99.1611346584,19.3806424162
c909,-99.2045669144,19.4280623649
c910,-99.0931057959,19.4304954545
c911,-99.3107285253,19.3246343001
c912,-99.3107285253,19.3246343001
c913,-99.3107285253,19.3246343001
c914,-99.1490557562,19.4313734294
c915,-99.2062207957,19.1983396763
c916,-99.0567989642,19.3491663204
c917,-99.0567989642,19.3491663204
c918,-99.0567989642,19.3491663204
c919,-99.259495,19.3863707
c920,-99.1158642087,19.5040652077
c921,-99.0567989642,19.3491663204
c922,-99.0028216137,19.2769983772
c923,-99.0567989642,19.3491663204
c924,-99.1158642087,19.5040652077
c925,-99.0567989642,19.3491663204
c926,-99.094329797,19.396911897
c927,-99.128294,19.4043522
c928,-99.13893885053452,19.3597652401603
c929,-99.1490557562,19.4313734294
c930,-99.1611346584,19.3806424162
c931,-99.2062207957,19.1983396763
c932,-99.259495,19.3863707
c933,-99.1158642087,19.5040652077
c934,-99.1490557562,19.4313734294
c935,-99.2062207957,19.1983396763
c936,-99.246819712,19.336175562
c937,-99.2062207957,19.1983396763
c938,-99.2062207957,19.1983396763
c939,-99.0903636045,19.2451450458
c940,-99.2684129061,19.2689765031
c941,-99.1158642087,19.5040652077
c942,-99.1158642087,19.5040652077
c943,-99.0903636045,19.2451450458
c944,-99.2062207957,19.1983396763
c945,-99.180678,19.444937
c946,-99.067766,19.3668621
c947,-99.0510954218,19.1394565999
c948,-99.0028216137,19.2769983772
c949,-99.1158642087,19.5040652077
c950,-99.0567989642,19.3491663204
c951,-99.0567989642,19.3491663204
c952,-99.2062207957,19.1983396763
c953,-99.0567989642,19.3491663204
c954,-99.3107285253,19.3246343001
c955,-99.1158642087,19.5040652077
c956,-99.180678,19.444937
c957,-99.1821069423,19.4853286147
c958,-99.1490557562,19.4313734294
c959,-99.2062207957,19.1983396763
c960,-99.1611346584,19.3806424162
c961,-99.0567989642,19.3491663204
c962,-99.0567989642,19.3491663204
c963,-99.0567989642,19.3491663204
c964,-99.0567989642,19.3491663204
c965,-99.1843501,19.3998346
c966,-99.140238,19.2846922
c967,-99.246819712,19.336175562
c968,-99.246819712,19.336175562
c969,-99.0567989642,19.3491663204
c970,-99.180678,19.444937
c971,-99.2062207957,19.1983396763
c972,-99.0567989642,19.3491663204
c973,-99.1503763525,19.3266672536
c974,-99.0567989642,19.3491663204
c975,-99.0567989642,19.3491663204
c976,-99.1503763525,19.3266672536
c977,-99.2062207957,19.1983396763
c978,-99.246819712,19.336175562
c979,-99.2684129061,19.2689765031
c980,-99.0028216137,19.2769983772
c981,-99.1490557562,19.4313734294
c982,-99.0903636045,19.2451450458
c983,-99.2684129061,19.2689765031
c984,-99.2062207957,19.1983396763
c985,-99.0028216137,19.2769983772
c986,-99.0567989642,19.3491663204
c987,-99.1158642087,19.5040652077
c988,-99.2062207957,19.1983396763
c989,-99.0567989642,19.3491663204
c990,-99.1843501,19.3998346
c991,-99.180678,19.444937
c992,-99.0903636045,19.2451450458
c993,-99.2045669144,19.4280623649
c994,-99.2062207957,19.1983396763
c995,-99.246819712,19.336175562
c996,-99.12189432245926,19.36008559997354
c997,-99.1611346584,19.3806424162
c998,-99.2045669144,19.4280623649
c999,-99.137171,19.375769
c1000,-99.0028216137,19.2769983772
c1001,-99.0028216137,19.2769983772
c1002,-99.246819712,19.336175562
c1003,-99.0567989642,19.3491663204
c1004,-99.1821069423,19.4853286147
c1005,-99.246819712,19.336175562
c1006,-99.128294,19.4043522
c1007,-99.2684129061,19.2689765031
c1008,-99.0903636045,19.2451450458
c1009,-99.2062207957,19.1983396763
c1010,-99.2062207957,19.1983396763
c1011,-99.0567989642,19.3491663204
c1012,-99.0028216137,19.2769983772
c1013,-99.2062207957,19.1983396763
c1014,-99.1490557562,19.4313734294
c1015,-99.1821069423,19.4853286147
c1016,-99.246819712,19.336175562
c1017,-99.0931057959,19.4304954545
c1018,-99.0903636045,19.2451450458
c1019,-99.0903636045,19.2451450458
c1020,-99.0567989642,19.3491663204
c1021,-99.0567989642,19.3491663204
c1022,-99.1821069423,19.4853286147
c1023,-99.0567989642,19.3491663204
c1024,-101.169792,21.9593569
c1025,-99.246819712,19.336175562
c1026,-99.0567989642,19.3491663204
c1027,-99.1490557562,19.4313734294
c1028,-99.0028216137,19.2769983772
c1029,-99.2045669144,19.4280623649
c1030,-99.2045669144,19.4280623649
c1031,-99.1490557562,19.4313734294
c1032,-99.3107285253,19.3246343001
c1033,-99.140238,19.2846922
c1034,-99.2062207957,19.1983396763
c1035,-99.1919955,19.357102
c1036,-99.0567989642,19.3491663204
c1037,-99.1919955,19.357102
c1038,-99.1919955,19.357102
c1039,-99.1821069423,19.4853286147
c1040,-99.1611346584,19.3806424162
c1041,-99.1158642087,19.5040652077
c1042,-99.1158642087,19.5040652077
c1043,-99.0567989642,19.3491663204
c1044,-99.1821069423,19.4853286147
c1045,-99.1490557562,19.4313734294
c1046,-99.1158642087,19.5040652077
c1047,-99.0903636045,19.2451450458
c1048,-99.1821069423,19.4853286147
c1049,-99.1821069423,19.4853286147
c1050,-99.0567989642,19.3491663204
c1051,-99.3107285253,19.3246343001
c1052,-99.2045669144,19.4280623649
c1053,-99.1843501,19.3998346
c1054,-99.1490557562,19.4313734294
c1055,-99.3107285253,19.3246343001
c1056,-99.1821069423,19.4853286147
c1057,-100.425188,25.5835569
c1058,-99.1821069423,19.4853286147
c1059,-99.3107285253,19.3246343001
c1060,-99.0567989642,19.3491663204
c1061,-99.0567989642,19.3491663204
c1062,-99.246819712,19.336175562
c1063,-99.1611346584,19.3806424162
c1064,-99.1490557562,19.4313734294
c1065,-99.1919955,19.357102
c1066,-99.0567989642,19.3491663204
c1067,-99.2062207957,19.1983396763
c1068,-99.2062207957,19.1983396763
c1069,-99.1821069423,19.4853286147
c1070,-99.246819712,19.336175562
c1071,-99.1158642087,19.5040652077
c1072,-99.2062207957,19.1983396763
c1073,-99.1821069423,19.4853286147
c1074,-99.1490557562,19.4313734294
c1075,-99.1490557562,19.4313734294
c1076,-99.0567989642,19.3491663204
c1077,-99.2062207957,19.1983396763
c1078,-99.2062207957,19.1983396763
c1079,-99.0903636045,19.2451450458
c1080,-99.1490557562,19.4313734294
c1081,-99.3107285253,19.3246343001
c1082,-99.1821069423,19.4853286147
c1083,-99.1490557562,19.4313734294
c1084,-99.0903636045,19.2451450458
c1085,-99.1490557562,19.4313734294
c1086,-99.1158642087,19.5040652077
c1087,-99.1158642087,19.5040652077
c1088,-99.2045669144,19.4280623649
c1089,-99.1611346584,19.3806424162
c1090,-99.0567989642,19.3491663204
c1091,-99.1490557562,19.4313734294
c1092,-99.1843501,19.3998346
c1093,-99.2062207957,19.1983396763
c1094,-99.17651411,19.36616653
c1095,-99.0567989642,19.3491663204
c1096,-99.0903636045,19.2451450458
c1097,-99.0567989642,19.3491663204
c1098,-99.0567989642,19.3491663204
c1099,-99.1158642087,19.5040652077
c1100,-99.0567989642,19.3491663204
c1101,-99.246819712,19.336175562
c1102,-99.1611346584,19.3806424162
c1103,-99.0028216137,19.2769983772
c1104,-102.588385,21.6229381
c1105,-99.0903636045,19.2451450458
c1106,-99.0567989642,19.3491663204
c1107,-99.16535271281153,19.35499754657939
c1108,-99.1490557562,19.4313734294
c1109,-99.0567989642,19.3491663204
c1110,-99.1503763525,19.3266672536
c1111,-99.0903636045,19.2451450458
c1112,-99.1919955,19.357102
c1113,-99.0903636045,19.2451450458
c1114,-99.16121940057272,19.471306963254165
c1115,-99.1611346584,19.3806424162
c1116,-99.0567989642,19.3491663204
c1117,-99.0028216137,19.2769983772
c1118,-99.1611346584,19.3806424162
c1119,-99.128294,19.4043522
c1120,-99.0567989642,19.3491663204
c1121,-99.0903636045,19.2451450458
c1122,-99.3107285253,19.3246343001
c1123,-99.1503763525,19.3266672536
c1124,-102.588385,21.6229381
c1125,-99.0567989642,19.3491663204
c1126,-99.246819712,19.336175562
c1127,-99.0567989642,19.3491663204
c1128,-99.1611346584,19.3806424162
c1129,-99.0931057959,19.4304954545
c1130,-99.2045669144,19.4280623649
c1131,-99.0567989642,19.3491663204
c1132,-99.0028216137,19.2769983772
c1133,-99.0028216137,19.2769983772
c1134,-99.0028216137,19.2769983772
c1135,-99.0567989642,19.3491663204
c1136,-99.0903636045,19.2451450458
c1137,-99.0567989642,19.3491663204
c1138,-99.1611346584,19.3806424162
c1139,-99.2062207957,19.1983396763
c1140,-99.246819712,19.336175562
c1141,-99.246819712,19.336175562
c1142,-99.2045669144,19.4280623649
c1143,-99.0567989642,19.3491663204
c1144,-99.094329797,19.396911897
c1145,-99.1611346584,19.3806424162
c1146,-99.1490557562,19.4313734294
c1147,-99.1503763525,19.3266672536
c1148,-99.2102661308427,19.30567673230374
c1149,-99.2062207957,19.1983396763
c1150,-99.1611346584,19.3806424162
c1151,-99.0567989642,19.3491663204
c1152,-99.1490557562,19.4313734294
c1153,-99.1503763525,19.3266672536
c1154,-99.2062207957,19.1983396763
c1155,-99.1503763525,19.3266672536
c1156,-99.0931057959,19.4304954545
c1157,-99.3107285253,19.3246343001
c1158,-99.0567989642,19.3491663204
c1159,-99.246819712,19.336175562
c1160,-99.1843501,19.3998346
c1161,-99.1158642087,19.5040652077
c1162,-99.0567989642,19.3491663204
c1163,-99.1158642087,19.5040652077
c1164,-99.2062207957,19.1983396763
c1165,-99.1821069423,19.4853286147
c1166,-99.2062207957,19.1983396763
c1167,-99.2058092,19.2970107
c1168,-99.3107285253,19.3246343001
c1169,-99.0567989642,19.3491663204
c1170,-99.2062207957,19.1983396763
c1171,-99.1490557562,19.4313734294
c1172,-99.1611346584,19.3806424162
c1173,-99.1843501,19.3998346
c1174,-99.1829615094737,19.30356289592105
c1175,-99.1158642087,19.5040652077
c1176,-99.3107285253,19.3246343001
c1177,-99.128294,19.4043522
c1178,-99.246819712,19.336175562
c1179,-99.0028216137,19.2769983772
c1180,-99.1158642087,19.5040652077
c1181,-99.094329797,19.396911897
c1182,-99.0931057959,19.4304954545
c1183,-99.2062207957,19.1983396763
c1184,-99.1611346584,19.3806424162
c1185,-99.0931057959,19.4304954545
c1186,-99.1490557562,19.4313734294
c1187,-99.180678,19.444937
c1188,-99.1611346584,19.3806424162
c1189,-99.2058092,19.2970107
c1190,-99.1158642087,19.5040652077
c1191,-99.3107285253,19.3246343001
c1192,-99.246819712,19.336175562
c1193,-99.259495,19.3863707
c1194,-99.1611346584,19.3806424162
c1195,-99.1919955,19.357102
c1196,-99.0903636045,19.2451450458
c1197,-99.1490557562,19.4313734294
c1198,-99.1503763525,19.3266672536
c1199,-99.1821069423,19.4853286147
c1200,-99.1821069423,19.4853286147
c1201,-99.118665,19.484399
c1202,-99.2045669144,19.4280623649
c1203,-99.0567989642,19.3491663204
c1204,-99.0567989642,19.3491663204
c1205,-99.0567989642,19.3491663204
c1206,-99.2062207957,19.1983396763
c1207,-99.0028216137,19.2769983772
c1208,-99.140238,19.2846922
c1209,-99.13476055414672,19.488077675001588
c1210,-99.0903636045,19.2451450458
c1211,-99.0567989642,19.3491663204
c1212,-99.1158642087,19.5040652077
c1213,-99.1503763525,19.3266672536
c1214,-99.1611346584,19.3806424162
c1215,-99.08253908157349,19.435514339097825
c1216,-99.2684129061,19.2689765031
c1217,-99.1611346584,19.3806424162
c1218,-99.1490557562,19.4313734294
c1219,-99.1843501,19.3998346
c1220,-99.0567989642,19.3491663204
c1221,-99.2058092,19.2970107
c1222,-99.1490557562,19.4313734294
c1223,-99.2062207957,19.1983396763
c1224,-99.2062207957,19.1983396763
c1225,-99.1821069423,19.4853286147
c1226,-99.2062207957,19.1983396763
c1227,-99.1158642087,19.5040652077
c1228,-99.1919955,19.357102
c1229,-99.0567989642,19.3491663204
c1230,-99.118665,19.484399
c1231,-99.2062207957,19.1983396763
c1232,-99.2684129061,19.2689765031
c1233,-99.3107285253,19.3246343001
c1234,-99.3107285253,19.3246343001
c1235,-99.1158642087,19.5040652077
c1236,-99.1611346584,19.3806424162
c1237,-99.1843501,19.3998346
c1238,-99.1919955,19.357102
c1239,-99.1919955,19.357102
c1240,-99.0510954218,19.1394565999
c1241,-99.1919955,19.357102
c1242,-99.1611346584,19.3806424162
c1243,-99.0567989642,19.3491663204
c1244,-99.1843501,19.3998346
c1245,-99.1503763525,19.3266672536
c1246,-99.2062207957,19.1983396763
c1247,-99.0567989642,19.3491663204
c1248,-99.2058092,19.2970107
c1249,-99.0903636045,19.2451450458
c1250,-99.1158642087,19.5040652077
c1251,-99.1503763525,19.3266672536
c1252,-99.137171,19.375769
c1253,-99.1503763525,19.3266672536
c1254,-99.0903636045,19.2451450458
c1255,-99.2117778591275,19.328304015441937
c1256,-99.2062207957,19.1983396763
c1257,-99.094329797,19.396911897
c1258,-99.2045669144,19.4280623649
c1259,-99.140238,19.2846922
c1260,-99.1503763525,19.3266672536
c1261,-99.137171,19.375769
c1262,-99.1611346584,19.3806424162
c1263,-99.1503763525,19.3266672536
c1264,-99.1503763525,19.3266672536
c1265,-99.1611346584,19.3806424162
c1266,-99.1503763525,19.3266672536
c1267,-99.1503763525,19.3266672536
c1268,-99.1503763525,19.3266672536
c1269,-99.1503763525,19.3266672536
c1270,-99.1503763525,19.3266672536
c1271,-99.1503763525,19.3266672536
c1272,-99.1843501,19.3998346
c1273,-99.0567989642,19.3491663204
c1274,-99.1611346584,19.3806424162
c1275,-99.2045669144,19.4280623649
c1276,-99.2058092,19.2970107
c1277,-99.1158642087,19.5040652077
c1278,-99.1490557562,19.4313734294
c1279,-99.1503763525,19.3266672536
c1280,-99.1503763525,19.3266672536
c1281,-99.0567989642,19.3491663204
c1282,-99.128294,19.4043522
c1283,-99.1490557562,19.4313734294
c1284,-99.0567989642,19.3491663204
c1285,-99.0567989642,19.3491663204
c1286,-99.0567989642,19.3491663204
c1287,-99.0931057959,19.4304954545
c1288,-99.1821069423,19.4853286147
c1289,-99.0567989642,19.3491663204
c1290,-99.2058092,19.2970107
c1291,-99.1821069423,19.4853286147
c1292,-99.0567989642,19.3491663204
c1293,-99.0567989642,19.3491663204
c1294,-99.2062207957,19.1983396763
c1295,-99.259495,19.3863707
c1296,-99.1600234,19.152878
c1297,-99.3107285253,19.3246343001
c1298,-99.1821069423,19.4853286147
c1299,-99.1843501,19.3998346
c1300,-99.0567989642,19.3491663204
c1301,-99.0028216137,19.2769983772
c1302,-99.259495,19.3863707
c1303,-99.118665,19.484399
c1304,-99.0567989642,19.3491663204
c1305,-99.1490557562,19.4313734294
c1306,-99.0903636045,19.2451450458
c1307,-99.1821069423,19.4853286147
c1308,-99.118665,19.484399
c1309,-99.1611346584,19.3806424162
c1310,-99.1611346584,19.3806424162
c1311,-99.0567989642,19.3491663204
c1312,-99.246819712,19.336175562
c1313,-99.246819712,19.336175562
c1314,-99.180678,19.444937
c1315,-99.1821069423,19.4853286147
c1316,-99.1158642087,19.5040652077
c1317,-99.0567989642,19.3491663204
c1318,-99.1490557562,19.4313734294
c1319,-99.0567989642,19.3491663204
c1320,-99.1490557562,19.4313734294
c1321,-99.2045669144,19.4280623649
c1322,-99.0028216137,19.2769983772
c1323,-99.1611346584,19.3806424162
c1324,-99.1843501,19.3998346
c1325,-99.0567989642,19.3491663204
c1326,-99.1490557562,19.4313734294
c1327,-99.118665,19.484399
c1328,-99.0567989642,19.3491663204
c1329,-99.0567989642,19.3491663204
c1330,-99.0567989642,19.3491663204
c1331,-99.0567989642,19.3491663204
c1332,-99.0028216137,19.2769983772
c1333,-99.246819712,19.336175562
c1334,-99.2062207957,19.1983396763
c1335,-99.0903636045,19.2451450458
c1336,-99.0567989642,19.3491663204
c1337,-99.0567989642,19.3491663204
c1338,-99.0903636045,19.2451450458
c1339,-99.1158642087,19.5040652077
c1340,-99.3107285253,19.3246343001
c1341,-99.2062207957,19.1983396763
c1342,-99.246819712,19.336175562
c1343,-99.259495,19.3863707
c1344,-99.246819712,19.336175562
c1345,-99.0567989642,19.3491663204
c1346,-99.259495,19.3863707
c1347,-99.0567989642,19.3491663204
c1348,-99.2058092,19.2970107
c1349,-99.1490557562,19.4313734294
c1350,-99.2045669144,19.4280623649
c1351,-99.1490557562,19.4313734294
c1352,-99.0567989642,19.3491663204
c1353,-99.259495,19.3863707
c1354,-99.0903636045,19.2451450458
c1355,-99.2045669144,19.4280623649
c1356,-99.2062207957,19.1983396763
c1357,-99.0567989642,19.3491663204
c1358,-99.1490557562,19.4313734294
c1359,-99.3107285253,19.3246343001
c1360,-99.2062207957,19.1983396763
c1361,-99.0028216137,19.2769983772
c1362,-99.0567989642,19.3491663204
c1363,-99.1490557562,19.4313734294
c1364,-99.1919955,19.357102
c1365,-99.1490557562,19.4313734294
c1366,-99.0903636045,19.2451450458
c1367,-99.1611346584,19.3806424162
c1368,-99.1490557562,19.4313734294
c1369,-99.0903636045,19.2451450458
c1370,-99.1158642087,19.5040652077
c1371,-99.0567989642,19.3491663204
c1372,-99.2062207957,19.1983396763
c1373,-99.1503763525,19.3266672536
c1374,-99.246819712,19.336175562
c1375,-99.1611346584,19.3806424162
c1376,-99.0567989642,19.3491663204
c1377,-99.0567989642,19.3491663204
c1378,-99.2684129061,19.2689765031
c1379,-99.0567989642,19.3491663204
c1380,-99.0567989642,19.3491663204
c1381,-99.2684129061,19.2689765031
c1382,-99.3107285253,19.3246343001
c1383,-99.2062207957,19.1983396763
c1384,-99.1490557562,19.4313734294
c1385,-99.2062207957,19.1983396763
c1386,-99.2045669144,19.4280623649
c1387,-99.1821069423,19.4853286147
c1388,-99.1611346584,19.3806424162
c1389,-99.2062207957,19.1983396763
c1390,-99.2062207957,19.1983396763
c1391,-99.0567989642,19.3491663204
c1392,-99.1490557562,19.4313734294
c1393,-99.2062207957,19.1983396763
c1394,-99.246819712,19.336175562
c1395,-99.0903636045,19.2451450458
c1396,-99.0567989642,19.3491663204
c1397,-99.1821069423,19.4853286147
c1398,-99.1503763525,19.3266672536
c1399,-99.1821069423,19.4853286147
c1400,-99.1490557562,19.4313734294
c1401,-99.1158642087,19.5040652077
c1402,-99.0903636045,19.2451450458
c1403,-99.1490557562,19.4313734294
c1404,-99.2045669144,19.4280623649
c1405,-99.0903636045,19.2451450458
c1406,-99.0510954218,19.1394565999
c1407,-99.128294,19.4043522
c1408,-99.1490557562,19.4313734294
c1409,-99.0567989642,19.3491663204
c1410,-99.1821069423,19.4853286147
c1411,-99.1490557562,19.4313734294
c1412,-99.1611346584,19.3806424162
c1413,-99.1821069423,19.4853286147
c1414,-99.11125,19.315765
c1415,-99.1503763525,19.3266672536
c1416,-98.975864,19.22413
c1417,-99.0567989642,19.3491663204
c1418,-99.2062207957,19.1983396763
c1419,-99.1158642087,19.5040652077
c1420,-99.2062207957,19.1983396763
c1421,-99.0028216137,19.2769983772
c1422,-99.0903636045,19.2451450458
c1423,-99.0567989642,19.3491663204
c1424,-99.0903636045,19.2451450458
c1425,-99.1503763525,19.3266672536
c1426,-99.246819712,19.336175562
c1427,-99.315748,19.087511
c1428,-99.246819712,19.336175562
c1429,-99.1158642087,19.5040652077
c1430,-99.0903636045,19.2451450458
c1431,-99.2684129061,19.2689765031
c1432,-99.0903636045,19.2451450458
c1433,-99.2062207957,19.1983396763
c1434,-99.0028216137,19.2769983772
c1435,-99.0931057959,19.4304954545
c1436,-99.1821069423,19.4853286147
c1437,-99.18507873560792,19.278762566329927
c1438,-99.0028216137,19.2769983772
c1439,-99.0028216137,19.2769983772
c1440,-99.0028216137,19.2769983772
c1441,-99.2062207957,19.1983396763
c1442,-99.1490557562,19.4313734294
c1443,-99.3107285253,19.3246343001
c1444,-99.0028216137,19.2769983772
c1445,-99.3107285253,19.3246343001
c1446,-99.3107285253,19.3246343001
c1447,-99.2062207957,19.1983396763
c1448,-99.2062207957,19.1983396763
c1449,-99.31723169,19.3531609
c1450,-99.0567989642,19.3491663204
c1451,-99.3107285253,19.3246343001
c1452,-99.0567989642,19.3491663204
c1453,-99.1821069423,19.4853286147
c1454,-99.2062207957,19.1983396763
c1455,-99.1490557562,19.4313734294
c1456,-99.3107285253,19.3246343001
c1457,-99.3107285253,19.3246343001
c1458,-99.2062207957,19.1983396763
c1459,-99.2062207957,19.1983396763
c1460,-99.1490557562,19.4313734294
c1461,-99.0903636045,19.2451450458
c1462,-99.1611346584,19.3806424162
c1463,-99.0567989642,19.3491663204
c1464,-99.246819712,19.336175562
c1465,-99.0028216137,19.2769983772
c1466,-99.0567989642,19.3491663204
c1467,-99.1611346584,19.3806424162
c1468,-99.0567989642,19.3491663204
c1469,-99.11529087837602,19.40907938658192
c1470,-99.0028216137,19.2769983772
c1471,-99.1158642087,19.5040652077
c1472,-99.2062207957,19.1983396763
c1473,-87.322724,20.734206
c1474,-99.2045669144,19.4280623649
c1475,-99.0567989642,19.3491663204
c1476,-99.2062207957,19.1983396763
c1477,-99.2062207957,19.1983396763
c1478,-99.0567989642,19.3491663204
c1479,-99.2062207957,19.1983396763
c1480,-99.1490557562,19.4313734294
c1481,-99.1821069423,19.4853286147
c1482,-99.1490557562,19.4313734294
c1483,-99.246819712,19.336175562
c1484,-99.180678,19.444937
c1485,-99.246819712,19.336175562
c1486,-99.1919955,19.357102
c1487,-99.0903636045,19.2451450458
c1488,-99.3107285253,19.3246343001
c1489,-99.0903636045,19.2451450458
c1490,-99.1158642087,19.5040652077
c1491,-99.2045669144,19.4280623649
c1492,-99.0903636045,19.2451450458
c1493,-99.315748,19.087511
c1494,-99.0567989642,19.3491663204
c1495,-99.2062207957,19.1983396763
c1496,-99.2684129061,19.2689765031
c1497,-99.2062207957,19.1983396763
c1498,-99.1611346584,19.3806424162
c1499,-99.3107285253,19.3246343001
c1500,-99.246819712,19.336175562
c1501,-99.140238,19.2846922
c1502,-99.1821069423,19.4853286147
c1503,-99.1821069423,19.4853286147
c1504,-99.1821069423,19.4853286147
c1505,-99.1919955,19.357102
c1506,-99.1919955,19.357102
c1507,-99.2062207957,19.1983396763
c1508,-99.1919955,19.357102
c1509,-99.2045669144,19.4280623649
c1510,-99.0510954218,19.1394565999
c1511,-99.3107285253,19.3246343001
c1512,-99.2062207957,19.1983396763
c1513,-99.2684129061,19.2689765031
c1514,-99.140238,19.2846922
c1515,-99.1821069423,19.4853286147
c1516,-99.0693801,19.198192
c1517,-99.0028216137,19.2769983772
c1518,-99.1158642087,19.5040652077
c1519,-99.1490557562,19.4313734294
c1520,-99.1503763525,19.3266672536
c1521,-99.1158642087,19.5040652077
c1522,-99.2062207957,19.1983396763
c1523,-99.2062207957,19.1983396763
c1524,-99.1503763525,19.3266672536
c1525,-99.0028216137,19.2769983772
c1526,-99.0931057959,19.4304954545
c1527,-99.3107285253,19.3246343001
c1528,-99.0567989642,19.3491663204
c1529,-99.1821069423,19.4853286147
c1530,-99.180678,19.444937
c1531,-99.1821069423,19.4853286147
c1532,-99.1611346584,19.3806424162
c1533,-99.1843501,19.3998346
c1534,-99.0903636045,19.2451450458
c1535,-99.1821069423,19.4853286147
c1536,-99.1503763525,19.3266672536
c1537,-99.2062207957,19.1983396763
c1538,-99.246819712,19.336175562
c1539,-99.09067,19.509102
c1540,-99.0028216137,19.2769983772
c1541,-99.0903636045,19.2451450458
c1542,-99.3107285253,19.3246343001
c1543,-99.1843501,19.3998346
c1544,-99.1821069423,19.4853286147
c1545,-99.1158642087,19.5040652077
c1546,-99.2062207957,19.1983396763
c1547,-99.2062207957,19.1983396763
c1548,-99.0567989642,19.3491663204
c1549,-99.1158642087,19.5040652077
c1550,-99.2062207957,19.1983396763
c1551,-99.1503763525,19.3266672536
c1552,-99.1611346584,19.3806424162
c1553,-99.259495,19.3863707
c1554,-99.246819712,19.336175562
c1555,-99.2062207957,19.1983396763
c1556,-99.128294,19.4043522
c1557,-99.0028216137,19.2769983772
c1558,-99.0567989642,19.3491663204
c1559,-99.0903636045,19.2451450458
c1560,-99.25498679327671,19.346741703648767
c1561,-99.0567989642,19.3491663204
c1562,-99.1490557562,19.4313734294
c1563,-99.0567989642,19.3491663204
c1564,-99.0028216137,19.2769983772
c1565,-99.0903636045,19.2451450458
c1566,-99.137171,19.375769
c1567,-99.0028216137,19.2769983772
c1568,-99.246819712,19.336175562
c1569,-99.3107285253,19.3246343001
c1570,-99.1490557562,19.4313734294
c1571,-99.2684129061,19.2689765031
c1572,-99.140238,19.2846922
c1573,-99.2045669144,19.4280623649
c1574,-99.246819712,19.336175562
c1575,-99.2045669144,19.4280623649
c1576,-99.1490557562,19.4313734294
c1577,-99.2062207957,19.1983396763
c1578,-99.2045669144,19.4280623649
c1579,-99.140238,19.2846922
c1580,-99.0931057959,19.4304954545
c1581,-99.140238,19.2846922
c1582,-99.1766040828092,19.282927168377785
c1583,-99.067766,19.3668621
c1584,-99.1490557562,19.4313734294
c1585,-99.2045669144,19.4280623649
c1586,-99.2045669144,19.4280623649
c1587,-99.2062207957,19.1983396763
c1588,-99.2045669144,19.4280623649
c1589,-99.1503763525,19.3266672536
c1590,-99.0028216137,19.2769983772
c1591,-99.0931057959,19.4304954545
c1592,-99.2062207957,19.1983396763
c1593,-99.2045669144,19.4280623649
c1594,-99.2062207957,19.1983396763
c1595,-99.2045669144,19.4280623649
c1596,-99.140238,19.2846922
c1597,-99.2045669144,19.4280623649
c1598,-99.2045669144,19.4280623649
c1599,-99.2045669144,19.4280623649
c1600,-99.2045669144,19.4280623649
c1601,-99.2045669144,19.4280623649
c1602,-99.2045669144,19.4280623649
c1603,-99.1843501,19.3998346
c1604,-99.1821069423,19.4853286147
c1605,-99.2045669144,19.4280623649
c1606,-99.1490557562,19.4313734294
c1607,-99.2062207957,19.1983396763
c1608,-99.1503763525,19.3266672536
c1609,-99.1821069423,19.4853286147
c1610,-99.1158642087,19.5040652077
c1611,-99.1843501,19.3998346
c1612,-99.137171,19.375769
c1613,-99.0567989642,19.3491663204
c1614,-99.3107285253,19.3246343001
c1615,-99.137171,19.375769
c1616,-99.137171,19.375769
c1617,-99.0931057959,19.4304954545
c1618,-99.0931057959,19.4304954545
c1619,-99.2045669144,19.4280623649
c1620,-99.1611346584,19.3806424162
c1621,-99.1821069423,19.4853286147
c1622,-99.2684129061,19.2689765031
c1623,-99.2062207957,19.1983396763
c1624,-99.259495,19.3863707
c1625,-99.0028216137,19.2769983772
c1626,-99.246819712,19.336175562
c1627,-99.2045669144,19.4280623649
c1628,-99.1919955,19.357102
c1629,-99.0567989642,19.3491663204
c1630,-99.1490557562,19.4313734294
c1631,-99.137171,19.375769
c1632,-99.1503763525,19.3266672536
c1633,-99.3107285253,19.3246343001
c1634,-99.259495,19.3863707
c1635,-99.1611346584,19.3806424162
c1636,-99.0567989642,19.3491663204
c1637,-99.3107285253,19.3246343001
c1638,-99.2045669144,19.4280623649
c1639,-99.3107285253,19.3246343001
c1640,-99.1158642087,19.5040652077
c1641,-99.1611346584,19.3806424162
c1642,-99.1821069423,19.4853286147
c1643,-99.2062207957,19.1983396763
c1644,-99.2045669144,19.4280623649
c1645,-99.3107285253,19.3246343001
c1646,-99.2058092,19.2970107
c1647,-99.0028216137,19.2769983772
c1648,-99.2062207957,19.1983396763
c1649,-99.14045095317086,19.439636770651163
c1650,-99.246819712,19.336175562
c1651,-99.1158642087,19.5040652077
c1652,-99.1600234,19.152878
c1653,-99.0567989642,19.3491663204
c1654,-99.1821069423,19.4853286147
c1655,-103.664175,20.5834183
c1656,-99.3107285253,19.3246343001
c1657,-99.1611346584,19.3806424162
c1658,-99.0567989642,19.3491663204
c1659,-99.2062207957,19.1983396763
c1660,-99.259495,19.3863707
c1661,-99.2062207957,19.1983396763
c1662,-99.2684129061,19.2689765031
c1663,-99.1919955,19.357102
c1664,-99.0567989642,19.3491663204
c1665,-99.0567989642,19.3491663204
c1666,-99.094329797,19.396911897
c1667,-99.1611346584,19.3806424162
c1668,-99.0567989642,19.3491663204
c1669,-99.0567989642,19.3491663204
c1670,-99.1821069423,19.4853286147
c1671,-99.0567989642,19.3491663204
c1672,-99.1503763525,19.3266672536
c1673,-99.1843501,19.3998346
c1674,-99.3107285253,19.3246343001
c1675,-99.0903636045,19.2451450458
c1676,-99.246819712,19.336175562
c1677,-99.1503763525,19.3266672536
c1678,-99.246819712,19.336175562
c1679,-99.0028216137,19.2769983772
c1680,-99.1843501,19.3998346
c1681,-99.0567989642,19.3491663204
c1682,-99.1611346584,19.3806424162
c1683,-99.1919955,19.357102
c1684,-99.2062207957,19.1983396763
c1685,-99.2062207957,19.1983396763
c1686,-99.1843501,19.3998346
c1687,-99.0931057959,19.4304954545
c1688,-99.2062207957,19.1983396763
c1689,-99.1503763525,19.3266672536
c1690,-99.1503763525,19.3266672536
c1691,-99.0567989642,19.3491663204
c1692,-99.1606717484478,19.40278904580289
c1693,-99.1611346584,19.3806424162
c1694,-99.246819712,19.336175562
c1695,-99.2062207957,19.1983396763
c1696,-99.180678,19.444937
c1697,-99.180678,19.444937
c1698,-99.1919955,19.357102
c1699,-99.1490557562,19.4313734294
c1700,-99.140238,19.2846922
c1701,-99.2062207957,19.1983396763
c1702,-99.1490557562,19.4313734294
c1703,-99.1821069423,19.4853286147
c1704,-99.1611346584,19.3806424162
c1705,-99.0567989642,19.3491663204
c1706,-99.3107285253,19.3246343001
c1707,-99.2062207957,19.1983396763
c1708,-99.0567989642,19.3491663204
c1709,-99.2045669144,19.4280623649
c1710,-99.2062207957,19.1983396763
c1711,-99.17209059753424,19.37079613823806
c1712,-99.2062207957,19.1983396763
c1713,-99.2062207957,19.1983396763
c1714,-99.2045669144,19.4280623649
c1715,-99.3107285253,19.3246343001
c1716,-99.3107285253,19.3246343001
c1717,-99.1503763525,19.3266672536
c1718,-99.2058092,19.2970107
c1719,-99.246819712,19.336175562
c1720,-99.1490557562,19.4313734294
c1721,-99.0903636045,19.2451450458
c1722,-99.1490557562,19.4313734294
c1723,-99.259495,19.3863707
c1724,-99.0567989642,19.3491663204
c1725,-99.0903636045,19.2451450458
c1726,-99.2062207957,19.1983396763
c1727,-99.128294,19.4043522
c1728,-99.2062207957,19.1983396763
c1729,-99.1158642087,19.5040652077
c1730,-99.1158642087,19.5040652077
c1731,-99.1158642087,19.5040652077
c1732,-99.0567989642,19.3491663204
c1733,-99.1490557562,19.4313734294
c1734,-99.0567989642,19.3491663204
c1735,-99.0567989642,19.3491663204
c1736,-99.1158642087,19.5040652077
c1737,-99.0567989642,19.3491663204
c1738,-99.0931057959,19.4304954545
c1739,-99.1490557562,19.4313734294
c1740,-99.2045669144,19.4280623649
c1741,-99.0931057959,19.4304954545
c1742,-99.0567989642,19.3491663204
c1743,-99.140238,19.2846922
c1744,-99.1158642087,19.5040652077
c1745,-99.1611346584,19.3806424162
c1746,-99.1503763525,19.3266672536
c1747,-99.2062207957,19.1983396763
c1748,-99.2062207957,19.1983396763
c1749,-99.0903636045,19.2451450458
c1750,-99.1611346584,19.3806424162
c1751,-99.0567989642,19.3491663204
c1752,-99.140238,19.2846922
c1753,-99.2062207957,19.1983396763
c1754,-99.1490557562,19.4313734294
c1755,-99.2045669144,19.4280623649
c1756,-99.1611346584,19.3806424162
c1757,-99.1490557562,19.4313734294
c1758,-99.1490557562,19.4313734294
c1759,-99.094329797,19.396911897
c1760,-99.1490557562,19.4313734294
c1761,-99.1490557562,19.4313734294
c1762,-99.0567989642,19.3491663204
c1763,-99.1611346584,19.3806424162
c1764,-99.0903636045,19.2451450458
c1765,-99.2045669144,19.4280623649
c1766,-99.2062207957,19.1983396763
c1767,-99.0567989642,19.3491663204
c1768,-99.1611346584,19.3806424162
c1769,-99.0931057959,19.4304954545
c1770,-99.3107285253,19.3246343001
c1771,-99.140238,19.2846922
c1772,-99.1821069423,19.4853286147
c1773,-99.1611346584,19.3806424162
c1774,-99.128294,19.4043522
c1775,-99.0567989642,19.3491663204
c1776,-99.2062207957,19.1983396763
c1777,-99.0567989642,19.3491663204
c1778,-99.094329797,19.396911897
c1779,-99.0567989642,19.3491663204
c1780,-99.0510954218,19.1394565999
c1781,-99.1490557562,19.4313734294
c1782,-99.0903636045,19.2451450458
c1783,-99.1611346584,19.3806424162
c1784,-99.1158642087,19.5040652077
c1785,-99.0931057959,19.4304954545
c1786,-99.1919955,19.357102
c1787,-99.1821069423,19.4853286147
c1788,-99.1503763525,19.3266672536
c1789,-99.1503763525,19.3266672536
c1790,-99.1503763525,19.3266672536
c1791,-99.1490557562,19.4313734294
c1792,-99.180678,19.444937
c1793,-99.1490557562,19.4313734294
c1794,-99.0028216137,19.2769983772
c1795,-99.2058092,19.2970107
c1796,-99.1821069423,19.4853286147
c1797,-99.1821069423,19.4853286147
c1798,-99.1158642087,19.5040652077
c1799,-99.1158642087,19.5040652077
c1800,-99.1503763525,19.3266672536
c1801,-99.0567989642,19.3491663204
c1802,-99.0903636045,19.2451450458
c1803,-99.0903636045,19.2451450458
c1804,-99.1490557562,19.4313734294
c1805,-99.246819712,19.336175562
c1806,-99.1158642087,19.5040652077
c1807,-99.259495,19.3863707
c1808,-99.1919955,19.357102
c1809,-99.1503763525,19.3266672536
c1810,-99.1611346584,19.3806424162
c1811,-99.1490557562,19.4313734294
c1812,-99.0567989642,19.3491663204
c1813,-99.246819712,19.336175562
c1814,-99.0567989642,19.3491663204
c1815,-98.289206,18.83765
c1816,-99.3107285253,19.3246343001
c1817,-99.259495,19.3863707
c1818,-99.1490557562,19.4313734294
c1819,-99.2062207957,19.1983396763
c1820,-99.1843501,19.3998346
c1821,-99.2684129061,19.2689765031
c1822,-99.2058092,19.2970107
c1823,-99.1919955,19.357102
c1824,-99.2058092,19.2970107
c1825,-99.3107285253,19.3246343001
c1826,-99.118665,19.484399
c1827,-99.246819712,19.336175562
c1828,-99.3107285253,19.3246343001
c1829,-99.2062207957,19.1983396763
c1830,-99.0567989642,19.3491663204
c1831,-99.1821069423,19.4853286147
c1832,-99.0567989642,19.3491663204
c1833,-99.1611346584,19.3806424162
c1834,-99.2062207957,19.1983396763
c1835,-99.1611346584,19.3806424162
c1836,-99.1490557562,19.4313734294
c1837,-99.2045669144,19.4280623649
c1838,-99.0931057959,19.4304954545
c1839,-99.0567989642,19.3491663204
c1840,-99.2062207957,19.1983396763
c1841,-99.1490557562,19.4313734294
c1842,-99.1503763525,19.3266672536
c1843,-99.2045669144,19.4280623649
c1844,-99.0567989642,19.3491663204
c1845,-99.1821069423,19.4853286147
c1846,-99.246819712,19.336175562
c1847,-99.0567989642,19.3491663204
c1848,-99.0567989642,19.3491663204
c1849,-99.0567989642,19.3491663204
c1850,-99.1158642087,19.5040652077
c1851,-99.2058092,19.2970107
c1852,-99.1158642087,19.5040652077
c1853,-99.2045669144,19.4280623649
c1854,-99.1821069423,19.4853286147
c1855,-99.1611346584,19.3806424162
c1856,-99.2058092,19.2970107
c1857,-99.1919955,19.357102
c1858,-99.0931057959,19.4304954545
c1859,-99.2045669144,19.4280623649
c1860,-99.0931057959,19.4304954545
c1861,-99.1158642087,19.5040652077
c1862,-99.1158642087,19.5040652077
c1863,-99.0567989642,19.3491663204
c1864,-99.0567989642,19.3491663204
c1865,-99.0567989642,19.3491663204
c1866,-99.0567989642,19.3491663204
c1867,-99.1490557562,19.4313734294
c1868,-99.1158642087,19.5040652077
c1869,-99.1611346584,19.3806424162
c1870,-99.246819712,19.336175562
c1871,-99.0567989642,19.3491663204
c1872,-99.246819712,19.336175562
c1873,-99.1490557562,19.4313734294
c1874,-99.1158642087,19.5040652077
c1875,-99.246819712,19.336175562
c1876,-99.0567989642,19.3491663204
c1877,-99.1503763525,19.3266672536
c1878,-99.246819712,19.336175562
c1879,-99.1611346584,19.3806424162
c1880,-99.1919955,19.357102
c1881,-99.1821069423,19.4853286147
c1882,-99.0567989642,19.3491663204
c1883,-99.0567989642,19.3491663204
c1884,-99.1158642087,19.5040652077
c1885,-99.2058092,19.2970107
c1886,-99.1919955,19.357102
c1887,-99.0931057959,19.4304954545
c1888,-99.1158642087,19.5040652077
c1889,-99.1158642087,19.5040652077
c1890,-99.2062207957,19.1983396763
c1891,-99.0028216137,19.2769983772
c1892,-99.1490557562,19.4313734294
c1893,-99.2062207957,19.1983396763
c1894,-99.1821069423,19.4853286147
c1895,-99.1821069423,19.4853286147
c1896,-99.0903636045,19.2451450458
c1897,-99.1821069423,19.4853286147
c1898,-99.1821069423,19.4853286147
c1899,-99.1611346584,19.3806424162
c1900,-99.1919955,19.357102
c1901,-99.1611346584,19.3806424162
c1902,-99.1503763525,19.3266672536
c1903,-99.2062207957,19.1983396763
c1904,-99.0931057959,19.4304954545
c1905,-99.1821069423,19.4853286147
c1906,-99.246819712,19.336175562
c1907,-99.2062207957,19.1983396763
c1908,-99.0028216137,19.2769983772
c1909,-99.259495,19.3863707
c1910,-99.246819712,19.336175562
c1911,-99.2684129061,19.2689765031
c1912,-99.1611346584,19.3806424162
c1913,-99.1611346584,19.3806424162
c1914,-99.0028216137,19.2769983772
c1915,-99.1490557562,19.4313734294
c1916,-99.2045669144,19.4280623649
c1917,-99.2045669144,19.4280623649
c1918,-99.315748,19.087511
c1919,-99.2062207957,19.1983396763
c1920,-99.1503763525,19.3266672536
c1921,-99.1490557562,19.4313734294
c1922,-99.1843501,19.3998346
c1923,-99.0931057959,19.4304954545
c1924,-99.2058092,19.2970107
c1925,-99.1490557562,19.4313734294
c1926,-99.1919955,19.357102
c1927,-99.0567989642,19.3491663204
c1928,-99.3107285253,19.3246343001
c1929,-99.246819712,19.336175562
c1930,-99.246819712,19.336175562
c1931,-99.1821069423,19.4853286147
c1932,-99.246819712,19.336175562
c1933,-99.2045669144,19.4280623649
c1934,-99.1158642087,19.5040652077
c1935,-99.246819712,19.336175562
c1936,-99.0567989642,19.3491663204
c1937,-99.246819712,19.336175562
c1938,-99.0931057959,19.4304954545
c1939,-99.1611346584,19.3806424162
c1940,-99.1158642087,19.5040652077
c1941,-99.3107285253,19.3246343001
c1942,-99.1503763525,19.3266672536
c1943,-99.246819712,19.336175562
c1944,-99.1158642087,19.5040652077
c1945,-99.1503763525,19.3266672536
c1946,-99.1503763525,19.3266672536
c1947,-99.1158642087,19.5040652077
c1948,-99.0567989642,19.3491663204
c1949,-99.1611346584,19.3806424162
c1950,-99.140238,19.2846922
c1951,-99.0931057959,19.4304954545
c1952,-99.1503763525,19.3266672536
c1953,-99.1503763525,19.3266672536
c1954,-99.1490557562,19.4313734294
c1955,-99.1490557562,19.4313734294
c1956,-99.1490557562,19.4313734294
c1957,-99.0903636045,19.2451450458
c1958,-99.0567989642,19.3491663204
c1959,-99.2062207957,19.1983396763
c1960,-99.2058092,19.2970107
c1961,-99.246819712,19.336175562
c1962,-99.0567989642,19.3491663204
c1963,-99.1490557562,19.4313734294
c1964,-99.1503763525,19.3266672536
c1965,-99.2045669144,19.4280623649
c1966,-99.2045669144,19.4280623649
c1967,-99.2045669144,19.4280623649
c1968,-99.1490557562,19.4313734294
c1969,-99.1158642087,19.5040652077
c1970,-99.3107285253,19.3246343001
c1971,-99.3107285253,19.3246343001
c1972,-99.1919955,19.357102
c1973,-99.3107285253,19.3246343001
c1974,-99.3107285253,19.3246343001
c1975,-99.0567989642,19.3491663204
c1976,-99.0567989642,19.3491663204
c1977,-99.2058092,19.2970107
c1978,-99.0567989642,19.3491663204
c1979,-99.1158642087,19.5040652077
c1980,-99.0931057959,19.4304954545
c1981,-99.0931057959,19.4304954545
c1982,-99.246819712,19.336175562
c1983,-99.0567989642,19.3491663204
c1984,-99.2062207957,19.1983396763
c1985,-99.3107285253,19.3246343001
c1986,-99.1821069423,19.4853286147
c1987,-99.1611346584,19.3806424162
c1988,-99.2045669144,19.4280623649
c1989,-99.2062207957,19.1983396763
c1990,-99.0903636045,19.2451450458
c1991,-99.2062207957,19.1983396763
c1992,-99.2062207957,19.1983396763
c1993,-99.1503763525,19.3266672536
c1994,-99.0903636045,19.2451450458
c1995,-99.246819712,19.336175562
c1996,-99.1821069423,19.4853286147
c1997,-99.1503763525,19.3266672536
c1998,-99.1821069423,19.4853286147
c1999,-99.1158642087,19.5040652077
c2000,-99.2062207957,19.1983396763
c2001,-99.2062207957,19.1983396763
c2002,-99.1821069423,19.4853286147
c2003,-99.0903636045,19.2451450458
c2004,-99.0567989642,19.3491663204
c2005,-99.2062207957,19.1983396763
c2006,-99.2062207957,19.1983396763
c2007,-99.2045669144,19.4280623649
c2008,-99.246819712,19.336175562
c2009,-99.2684129061,19.2689765031
c2010,-99.1821069423,19.4853286147
c2011,-99.1821069423,19.4853286147
c2012,-99.2062207957,19.1983396763
c2013,-99.0028216137,19.2769983772
c2014,-99.2062207957,19.1983396763
c2015,-99.094329797,19.396911897
c2016,-99.2062207957,19.1983396763
c2017,-99.0931057959,19.4304954545
c2018,-107.806281,24.0281619
c2019,-99.246819712,19.336175562
c2020,-99.1158642087,19.5040652077
c2021,-99.2045669144,19.4280623649
c2022,-107.806281,24.0281619
c2023,-99.0931057959,19.4304954545
c2024,-99.2045669144,19.4280623649
c2025,-99.3107285253,19.3246343001
c2026,-99.2058092,19.2970107
c2027,-99.1503763525,19.3266672536
c2028,-99.3107285253,19.3246343001
c2029,-99.0567989642,19.3491663204
c2030,-99.259495,19.3863707
c2031,-99.0931057959,19.4304954545
c2032,-99.180678,19.444937
c2033,-99.0567989642,19.3491663204
c2034,-99.1503763525,19.3266672536
c2035,-99.2062207957,19.1983396763
c2036,-99.1919955,19.357102
c2037,-99.0903636045,19.2451450458
c2038,-99.0931057959,19.4304954545
c2039,-99.0567989642,19.3491663204
c2040,-99.246819712,19.336175562
c2041,-99.2045669144,19.4280623649
c2042,-99.2045669144,19.4280623649
c2043,-99.0567989642,19.3491663204
c2044,-99.2684129061,19.2689765031
c2045,-99.0567989642,19.3491663204
c2046,-99.140238,19.2846922
c2047,-99.0931057959,19.4304954545
c2048,-99.1611346584,19.3806424162
c2049,-99.1611346584,19.3806424162
c2050,-99.246819712,19.336175562
c2051,-99.1919955,19.357102
c2052,-99.180678,19.444937
c2053,-99.1503763525,19.3266672536
c2054,-99.1919955,19.357102
c2055,-99.1158642087,19.5040652077
c2056,-99.2062207957,19.1983396763
c2057,-99.2058092,19.2970107
c2058,-99.246819712,19.336175562
c2059,-99.1898646531338,19.480988809446547
c2060,-99.246819712,19.336175562
c2061,-99.1490557562,19.4313734294
c2062,-99.0567989642,19.3491663204
c2063,-99.094329797,19.396911897
c2064,-99.2062207957,19.1983396763
c2065,-99.1490557562,19.4313734294
c2066,-99.2058092,19.2970107
c2067,-99.2062207957,19.1983396763
c2068,-99.1490557562,19.4313734294
c2069,-99.1490557562,19.4313734294
c2070,-99.094329797,19.396911897
c2071,-99.0903636045,19.2451450458
c2072,-99.246819712,19.336175562
c2073,-99.259495,19.3863707
c2074,-99.2062207957,19.1983396763
c2075,-99.1611346584,19.3806424162
c2076,-98.975864,19.22413
c2077,-99.1503763525,19.3266672536
c2078,-99.2045669144,19.4280623649
c2079,-99.0903636045,19.2451450458
c2080,-99.180678,19.444937
c2081,-99.1821069423,19.4853286147
c2082,-99.0567989642,19.3491663204
c2083,-99.0567989642,19.3491663204
c2084,-99.1611346584,19.3806424162
c2085,-99.0567989642,19.3491663204
c2086,-99.2045669144,19.4280623649
c2087,-99.2058092,19.2970107
c2088,-99.0931057959,19.4304954545
c2089,-99.0028216137,19.2769983772
c2090,-99.1503763525,19.3266672536
c2091,-99.0903636045,19.2451450458
c2092,-99.1503763525,19.3266672536
c2093,-99.0567989642,19.3491663204
c2094,-99.2045669144,19.4280623649
c2095,-99.2045669144,19.4280623649
c2096,-99.15345196962924,19.35755143781564
c2097,-99.0567989642,19.3491663204
c2098,-99.2045669144,19.4280623649
c2099,-99.246819712,19.336175562
c2100,-99.1821069423,19.4853286147
c2101,-99.17023779834942,19.52883580340785
c2102,-99.1611346584,19.3806424162
c2103,-99.1919955,19.357102
c2104,-99.0028216137,19.2769983772
c2105,-99.0931057959,19.4304954545
c2106,-99.0567989642,19.3491663204
c2107,-99.2062207957,19.1983396763
c2108,-99.2062207957,19.1983396763
c2109,-99.094329797,19.396911897
c2110,-99.137171,19.375769
c2111,-99.1503763525,19.3266672536
c2112,-99.094329797,19.396911897
c2113,-99.1114413,19.3562724
c2114,-99.1919955,19.357102
c2115,-99.1843501,19.3998346
c2116,-99.1843501,19.3998346
c2117,-99.1490557562,19.4313734294
c2118,-99.2062207957,19.1983396763
c2119,-99.1490557562,19.4313734294
c2120,-99.1611346584,19.3806424162
c2121,-99.1611346584,19.3806424162
c2122,-99.1490557562,19.4313734294
c2123,-99.1611346584,19.3806424162
c2124,-99.0567989642,19.3491663204
c2125,-99.2062207957,19.1983396763
c2126,-99.0931057959,19.4304954545
c2127,-99.1843501,19.3998346
c2128,-99.0567989642,19.3491663204
c2129,-99.0719326783346,19.397130230686848
c2130,-99.246819712,19.336175562
c2131,-99.1490557562,19.4313734294
c2132,-99.094329797,19.396911897
c2133,-99.246819712,19.336175562
c2134,-99.2045669144,19.4280623649
c2135,-99.1821069423,19.4853286147
c2136,-99.3107285253,19.3246343001
c2137,-99.1490557562,19.4313734294
c2138,-99.1490557562,19.4313734294
c2139,-99.1503763525,19.3266672536
c2140,-99.0567989642,19.3491663204
c2141,-99.1843501,19.3998346
c2142,-99.0567989642,19.3491663204
c2143,-99.259495,19.3863707
c2144,-99.1490557562,19.4313734294
c2145,-99.0931057959,19.4304954545
c2146,-99.1611346584,19.3806424162
c2147,-99.0567989642,19.3491663204
c2148,-99.128294,19.4043522
c2149,-99.2062207957,19.1983396763
c2150,-99.3107285253,19.3246343001
c2151,-99.1843501,19.3998346
c2152,-99.0567989642,19.3491663204
c2153,-99.1843501,19.3998346
c2154,-99.246819712,19.336175562
c2155,-99.2045669144,19.4280623649
c2156,-99.246819712,19.336175562
c2157,-99.246819712,19.336175562
c2158,-99.0931057959,19.4304954545
c2159,-99.1611346584,19.3806424162
c2160,-99.1503763525,19.3266672536
c2161,-99.0567989642,19.3491663204
c2162,-99.1490557562,19.4313734294
c2163,-99.0028216137,19.2769983772
c2164,-99.0028216137,19.2769983772
c2165,-99.0028216137,19.2769983772
c2166,-99.1490557562,19.4313734294
c2167,-99.0567989642,19.3491663204
c2168,-99.17491298675664,19.29053238735343
c2169,-99.0028216137,19.2769983772
c2170,-99.0567989642,19.3491663204
c2171,-99.1490557562,19.4313734294
c2172,-99.0567989642,19.3491663204
c2173,-99.1490557562,19.4313734294
c2174,-99.2045669144,19.4280623649
c2175,-99.2062207957,19.1983396763
c2176,-99.2062207957,19.1983396763
c2177,-99.1611346584,19.3806424162
c2178,-99.0903636045,19.2451450458
c2179,-99.0567989642,19.3491663204
c2180,-99.128294,19.4043522
c2181,-99.1490557562,19.4313734294
c2182,-99.246819712,19.336175562
c2183,-99.259495,19.3863707
c2184,-99.1158642087,19.5040652077
c2185,-99.3107285253,19.3246343001
c2186,-99.1843501,19.3998346
c2187,-99.2062207957,19.1983396763
c2188,-99.1503763525,19.3266672536
c2189,-99.2062207957,19.1983396763
c2190,-99.0567989642,19.3491663204
c2191,-99.094329797,19.396911897
c2192,-99.2062207957,19.1983396763
c2193,-99.180678,19.444937
c2194,-99.0567989642,19.3491663204
c2195,-99.067766,19.3668621
c2196,-99.2229172041428,19.320425965567896
c2197,-99.259495,19.3863707
c2198,-99.0903636045,19.2451450458
c2199,-99.1821069423,19.4853286147
c2200,-99.1503763525,19.3266672536
c2201,-99.1490557562,19.4313734294
c2202,-99.1503763525,19.3266672536
c2203,-107.806281,24.0281619
c2204,-99.2684129061,19.2689765031
c2205,-99.0567989642,19.3491663204
c2206,-99.246819712,19.336175562
c2207,-99.3107285253,19.3246343001
c2208,-99.259495,19.3863707
c2209,-99.13207590534051,19.28946896101617
c2210,-99.0567989642,19.3491663204
c2211,-99.0567989642,19.3491663204
c2212,-99.2062207957,19.1983396763
c2213,-99.1490557562,19.4313734294
c2214,-99.246819712,19.336175562
c2215,-99.246819712,19.336175562
c2216,-99.1158642087,19.5040652077
c2217,-99.2062207957,19.1983396763
c2218,-99.180678,19.444937
c2219,-99.2062207957,19.1983396763
c2220,-99.1611346584,19.3806424162
c2221,-99.12883230170628,19.398699050098184
c2222,-99.0567989642,19.3491663204
c2223,-99.0567989642,19.3491663204
c2224,-99.1503763525,19.3266672536
c2225,-99.1503763525,19.3266672536
c2226,-99.185625,19.38476
c2227,-99.0028216137,19.2769983772
c2228,-99.140238,19.2846922
c2229,-99.1503763525,19.3266672536
c2230,-99.0903636045,19.2451450458
c2231,-99.1821069423,19.4853286147
c2232,-99.0903636045,19.2451450458
c2233,-99.1490557562,19.4313734294
c2234,-99.0567989642,19.3491663204
c2235,-99.0567989642,19.3491663204
c2236,-99.0567989642,19.3491663204
c2237,-99.1490557562,19.4313734294
c2238,-99.0028216137,19.2769983772
c2239,-99.2045669144,19.4280623649
c2240,-99.1503763525,19.3266672536
c2241,-99.1490557562,19.4313734294
c2242,-99.1158642087,19.5040652077
c2243,-99.3107285253,19.3246343001
c2244,-99.0931057959,19.4304954545
c2245,-99.1490557562,19.4313734294
c2246,-99.2062207957,19.1983396763
c2247,-99.2045669144,19.4280623649
c2248,-99.1490557562,19.4313734294
c2249,-99.1919955,19.357102
c2250,-99.1503763525,19.3266672536
c2251,-99.1503763525,19.3266672536
c2252,-99.0567989642,19.3491663204
c2253,-99.28514778614044,19.368942932516223
c2254,-99.0567989642,19.3491663204
c2255,-99.1490557562,19.4313734294
c2256,-99.2058092,19.2970107
c2257,-99.2045669144,19.4280623649
c2258,-99.1503763525,19.3266672536
c2259,-99.246819712,19.336175562
c2260,-99.1490557562,19.4313734294
c2261,-99.246819712,19.336175562
c2262,-99.0567989642,19.3491663204
c2263,-99.0567989642,19.3491663204
c2264,-99.0567989642,19.3491663204
c2265,-99.1821069423,19.4853286147
c2266,-99.0567989642,19.3491663204
c2267,-99.0567989642,19.3491663204
c2268,-99.1611346584,19.3806424162
c2269,-99.246819712,19.336175562
c2270,-99.3107285253,19.3246343001
c2271,-99.0903636045,19.2451450458
c2272,-99.1490557562,19.4313734294
c2273,-99.1503763525,19.3266672536
c2274,-99.1490557562,19.4313734294
c2275,-99.259495,19.3863707
c2276,-99.118665,19.484399
c2277,-99.0567989642,19.3491663204
c2278,-99.0567989642,19.3491663204
c2279,-99.3107285253,19.3246343001
c2280,-99.1611346584,19.3806424162
c2281,-99.1503763525,19.3266672536
c2282,-99.1503763525,19.3266672536
c2283,-99.1503763525,19.3266672536
c2284,-99.1611346584,19.3806424162
c2285,-99.2062207957,19.1983396763
c2286,-99.2062207957,19.1983396763
c2287,-99.14160413553584,19.327471826209653
c2288,-99.0931057959,19.4304954545
c2289,-99.1490557562,19.4313734294
c2290,-99.1503763525,19.3266672536
c2291,-99.1490557562,19.4313734294
c2292,-99.2062207957,19.1983396763
c2293,-99.2062207957,19.1983396763
c2294,-99.0567989642,19.3491663204
c2295,-99.1490557562,19.4313734294
c2296,-99.0567989642,19.3491663204
c2297,-99.246819712,19.336175562
c2298,-99.0931057959,19.4304954545
c2299,-99.1503763525,19.3266672536
c2300,-99.1919955,19.357102
c2301,-99.15715764283236,19.36595638897171
c2302,-99.1864156077088,19.37420339627049
c2303,-99.1611346584,19.3806424162
c2304,-99.2058092,19.2970107
c2305,-99.140238,19.2846922
c2306,-99.0903636045,19.2451450458
c2307,-99.0567989642,19.3491663204
c2308,-99.1843501,19.3998346
c2309,-99.1611346584,19.3806424162
c2310,-99.1158642087,19.5040652077
c2311,-99.246819712,19.336175562
c2312,-99.1611346584,19.3806424162
c2313,-99.1611346584,19.3806424162
c2314,-99.1611346584,19.3806424162
c2315,-99.1490557562,19.4313734294
c2316,-99.1158642087,19.5040652077
c2317,-99.2062207957,19.1983396763
c2318,-99.0567989642,19.3491663204
c2319,-99.2062207957,19.1983396763
c2320,-99.1503763525,19.3266672536
c2321,-99.1611346584,19.3806424162
c2322,-99.1490557562,19.4313734294
c2323,-99.0693801,19.198192
c2324,-99.1158642087,19.5040652077
c2325,-99.0693801,19.198192
c2326,-99.1158642087,19.5040652077
c2327,-99.140238,19.2846922
c2328,-99.2062207957,19.1983396763
c2329,-99.0567989642,19.3491663204
c2330,-99.0567989642,19.3491663204
c2331,-96.824713,16.692729
c2332,-99.16805432923157,19.359158259526943
c2333,-99.1503763525,19.3266672536
c2334,-99.0931057959,19.4304954545
c2335,-99.0567989642,19.3491663204
c2336,-99.2045669144,19.4280623649
c2337,-99.1158642087,19.5040652077
c2338,-99.0567989642,19.3491663204
c2339,-99.3107285253,19.3246343001
c2340,-99.0903636045,19.2451450458
c2341,-99.0567989642,19.3491663204
c2342,-99.0567989642,19.3491663204
c2343,-99.180678,19.444937
c2344,-99.0567989642,19.3491663204
c2345,-99.1821069423,19.4853286147
c2346,-99.1919955,19.357102
c2347,-99.246819712,19.336175562
c2348,-99.2062207957,19.1983396763
c2349,-99.0931057959,19.4304954545
c2350,-99.0028216137,19.2769983772
c2351,-99.0567989642,19.3491663204
c2352,-99.1503763525,19.3266672536
c2353,-99.2062207957,19.1983396763
c2354,-99.3107285253,19.3246343001
c2355,-99.1821069423,19.4853286147
c2356,-99.1490557562,19.4313734294
c2357,-99.2062207957,19.1983396763
c2358,-99.1503763525,19.3266672536
c2359,-99.2062207957,19.1983396763
c2360,-99.1503763525,19.3266672536
c2361,-99.0567989642,19.3491663204
c2362,-99.1843501,19.3998346
c2363,-99.1919955,19.357102
c2364,-99.259495,19.3863707
c2365,-99.0567989642,19.3491663204
c2366,-99.2684129061,19.2689765031
c2367,-99.1919955,19.357102
c2368,-99.1490557562,19.4313734294
c2369,-99.0567989642,19.3491663204
c2370,-99.0567989642,19.3491663204
c2371,-99.094329797,19.396911897
c2372,-99.1503763525,19.3266672536
c2373,-99.2062207957,19.1983396763
c2374,-99.246819712,19.336175562
c2375,-99.1158642087,19.5040652077
c2376,-99.067766,19.3668621
c2377,-99.0903636045,19.2451450458
c2378,-99.1611346584,19.3806424162
c2379,-99.2062207957,19.1983396763
c2380,-99.3107285253,19.3246343001
c2381,-99.2062207957,19.1983396763
c2382,-99.137171,19.375769
c2383,-99.067766,19.3668621
c2384,-99.1490557562,19.4313734294
c2385,-99.0931057959,19.4304954545
c2386,-99.2062207957,19.1983396763
c2387,-99.0567989642,19.3491663204
c2388,-99.2062207957,19.1983396763
c2389,-99.0567989642,19.3491663204
c2390,-99.128294,19.4043522
c2391,-99.0567989642,19.3491663204
c2392,-99.1490557562,19.4313734294
c2393,-99.0567989642,19.3491663204
c2394,-99.0028216137,19.2769983772
c2395,-99.1503763525,19.3266672536
c2396,-99.1611346584,19.3806424162
c2397,-99.1158642087,19.5040652077
c2398,-99.1158642087,19.5040652077
c2399,-99.1158642087,19.5040652077
c2400,-99.1490557562,19.4313734294
c2401,-99.1158642087,19.5040652077
c2402,-99.1158642087,19.5040652077
c2403,-99.1158642087,19.5040652077
c2404,-99.1158642087,19.5040652077
c2405,-99.1158642087,19.5040652077
c2406,-99.1158642087,19.5040652077
c2407,-99.1158642087,19.5040652077
c2408,-99.1158642087,19.5040652077
c2409,-99.1158642087,19.5040652077
c2410,-99.1158642087,19.5040652077
c2411,-99.1158642087,19.5040652077
c2412,-99.0510954218,19.1394565999
c2413,-99.1158642087,19.5040652077
c2414,-99.1158642087,19.5040652077
c2415,-99.1158642087,19.5040652077
c2416,-99.0567989642,19.3491663204
c2417,-99.1503763525,19.3266672536
c2418,-99.1158642087,19.5040652077
c2419,-99.0567989642,19.3491663204
c2420,-99.1158642087,19.5040652077
c2421,-99.1158642087,19.5040652077
c2422,-99.1158642087,19.5040652077
c2423,-99.1158642087,19.5040652077
c2424,-99.3107285253,19.3246343001
c2425,-99.1503763525,19.3266672536
c2426,-99.3107285253,19.3246343001
c2427,-99.1158642087,19.5040652077
c2428,-99.1158642087,19.5040652077
c2429,-99.2317252,19.3552133
c2430,-99.1158642087,19.5040652077
c2431,-99.1158642087,19.5040652077
c2432,-99.1158642087,19.5040652077
c2433,-99.1158642087,19.5040652077
c2434,-99.1158642087,19.5040652077
c2435,-99.1158642087,19.5040652077
c2436,-99.246819712,19.336175562
c2437,-99.246819712,19.336175562
c2438,-99.1158642087,19.5040652077
c2439,-99.1158642087,19.5040652077
c2440,-99.1158642087,19.5040652077
c2441,-99.0567989642,19.3491663204
c2442,-99.1158642087,19.5040652077
c2443,-99.1158642087,19.5040652077
c2444,-99.1158642087,19.5040652077
c2445,-99.1919955,19.357102
c2446,-99.1158642087,19.5040652077
c2447,-99.1158642087,19.5040652077
c2448,-99.0567989642,19.3491663204
c2449,-99.259495,19.3863707
c2450,-99.1158642087,19.5040652077
c2451,-99.1158642087,19.5040652077
c2452,-99.1158642087,19.5040652077
c2453,-99.1158642087,19.5040652077
c2454,-99.1158642087,19.5040652077
c2455,-99.1503763525,19.3266672536
c2456,-99.1158642087,19.5040652077
c2457,-99.1158642087,19.5040652077
c2458,-99.1158642087,19.5040652077
c2459,-99.2058092,19.2970107
c2460,-99.1158642087,19.5040652077
c2461,-99.1158642087,19.5040652077
c2462,-99.1158642087,19.5040652077
c2463,-99.1158642087,19.5040652077
c2464,-99.3107285253,19.3246343001
c2465,-99.1158642087,19.5040652077
c2466,-99.0567989642,19.3491663204
c2467,-99.1158642087,19.5040652077
c2468,-99.1158642087,19.5040652077
c2469,-99.1158642087,19.5040652077
c2470,-99.1158642087,19.5040652077
c2471,-99.1158642087,19.5040652077
c2472,-99.246819712,19.336175562
c2473,-99.0567989642,19.3491663204
c2474,-99.1158642087,19.5040652077
c2475,-99.2062207957,19.1983396763
c2476,-99.1158642087,19.5040652077
c2477,-99.1158642087,19.5040652077
